https://twitter.com/aimanjkhan,she/her |human rights | politics | poetry,"Hi @aimanjkhan, I noticed you have an interest in writing, and thought I would reach out."
https://twitter.com/rojanmehta,The Dark Passenger,"Hi @rojanmehta, I noticed you have an interest in writing, and thought I would reach out."
https://twitter.com/AlexGnibus,Product marketing @alteryx | Cloud + data nerd | @Mizzou J-school alum,"Hi @AlexGnibus, I noticed you have an interest in writing, and thought I would reach out."
https://twitter.com/Carun95,"Classical musician| Morning runner| Curious about sustainability, innovations in improving government and governance schemes| Ferrari F1 fan","Hi @Carun95, I noticed you have an interest in sustainability, and thought I would reach out."
https://twitter.com/gautam4all,"Working with Hindustan Times, Ranchi edition.","Hi @gautam4all, I noticed you have an interest in writing, and thought I would reach out."
https://twitter.com/JamesSpiro,"Tech Journalist at @Calcalistech | Formerly PR. | Written work: @TimesofIsrael, @Algemeiner | TV: @i24News_EN, @ILTVNews","Hi @JamesSpiro, I noticed you have an interest in writing, and thought I would reach out."
https://twitter.com/EmailonAcid,Tweets about #emailmarketing for #emailgeeks. We help you put your best email forward! Try a 7-day free trial and see http://emailonacid.com/free-trial/,"Hi @EmailonAcid, I noticed you have an interest in writing, and thought I would reach out."
https://twitter.com/renomokre,Always loyal,"Hi @renomokre, I noticed you have an interest in writing, and thought I would reach out."
https://twitter.com/Elabdo8,‚Ä¢Pianist | Guitarist| Painter | #                                                                Instagram: @abdilahdouiri,"Hi @Elabdo8, I noticed you have an interest in writing, and thought I would reach out."
https://twitter.com/VV338T00L2,"M , 32","Hi @VV338T00L2, I noticed you have an interest in writing, and thought I would reach out."
https://twitter.com/chusemann,"Husband, Agilist, constant learner, nerd of a different color.","Hi @chusemann, I noticed you have an interest in writing, and thought I would reach out."
https://twitter.com/thecivilwarss,Normal hayatta edemediƒüim k√ºf√ºrleri ediyom burda.,"Hi @thecivilwarss, I noticed you have an interest in writing, and thought I would reach out."
https://twitter.com/londonneil,Kiwi in London. Shocked how rapidly and low English society has fallen. Ex-lawyer. Psychologist/Group Analyst. #RejoinEU #ProgressiveAlliance #PR #NHS #FBPA,"Hi @londonneil, I noticed you have an interest in writing, and thought I would reach out."
https://twitter.com/srdansa,I have heard that Twitter is good for complaining.#HereToStay,"Hi @srdansa, I noticed you have an interest in writing, and thought I would reach out."
https://twitter.com/54m1,I have an inexplicable  attraction to all things nerdy.,"Hi @54m1, I noticed you have an interest in writing, and thought I would reach out."
https://twitter.com/100TypeGuanyin, Spirit Detective,"Hi @100TypeGuanyin, I noticed you have an interest in writing, and thought I would reach out."
https://twitter.com/UnSethled,"25, (he/him) ms cs @Virginia_Tech| cs @nmims_mpstme | coffee,, Joe Root, & oxford comma fan | ofc a leftist | Public Transport IT cell with ADHD","Hi @UnSethled, I noticed you have an interest in writing, and thought I would reach out."
https://twitter.com/atriontwitr,"DISTRACTIBLE | Thinks in models, frameworks, theories, principles & paradigms | Schemas & scripts| Here to find new books and articles.","Hi @atriontwitr, I noticed you have an interest in reading, and thought I would reach out."
https://twitter.com/Homezshell,"Nunca interrumpas a tu enemigo, cuando est√° cometiendo un error. (Sun Tzu  -El libro de la guerra). #criminolog√≠a #ciberseguridad #humor. ","Hi @Homezshell, I noticed you have an interest in writing, and thought I would reach out."
https://twitter.com/MahmoudMJalal,Freelancer,"Hi @MahmoudMJalal, I noticed you have an interest in writing, and thought I would reach out."
https://twitter.com/AkaDimiX,He/Him. Public Intellectual. Podcast host and producer. Woke with Jokes. ‚ÄúLikes‚Äù do not equal endorsements.,"Hi @AkaDimiX, I noticed you have an interest in podcasting, and thought I would reach out."
https://twitter.com/butriga,#SocialMedia @connexia. Once sociologist &  player. #Novara ,"Hi @butriga, I noticed you have an interest in writing, and thought I would reach out."
https://twitter.com/tanapat31334, ‡∏•‡∏á‡∏£‡∏π‡∏õ‡∏ï‡∏≠‡∏ô‡πÑ‡∏õ‡∏ñ‡πà‡∏≤‡∏¢‡∏á‡∏≤‡∏ô idol ‡∏Ç‡∏≠‡∏á‡∏õ‡∏£‡∏∞‡∏°‡∏π‡∏• idol ‡πÇ‡∏≠‡∏ï‡∏∞‡∏™‡∏≤‡∏¢‡πÄ‡∏õ‡∏¢‡πå‡πÑ‡∏°‡πà‡∏û‡∏π‡∏î‡πÄ‡∏¢‡∏≠‡∏∞‡πÄ‡∏à‡πá‡∏ö‡∏Ñ‡∏≠ http://facebook.com/Tanapat.Subnimit/‚Ä¶,"Hi @tanapat31334, I noticed you have an interest in writing, and thought I would reach out."
https://twitter.com/rando688,You gotta break a few rules,"Hi @rando688, I noticed you have an interest in writing, and thought I would reach out."
https://twitter.com/ashventurouss,"I tweet about content, climate, and  #AlaskaGrown she/her","Hi @ashventurouss, I noticed you have an interest in writing, and thought I would reach out."
https://twitter.com/rishkoreddy,Building the future of creative knowledge work. Previously @techstars. Alum @babson,"Hi @rishkoreddy, I noticed you have an interest in writing, and thought I would reach out."
https://twitter.com/TheDArcyWright,Allow me to mentor & work with you to create a profitable online business through leverage that the internet offers. All you need to do is reach out to me! :),"Hi @TheDArcyWright, I noticed you have an interest in creating a profitable online business, and thought I would reach out."
https://twitter.com/innunevatia,Now (Go) Building Zwende | Art + Tech = Magic,"Hi @innunevatia, I noticed you have an interest in writing, and thought I would reach out."
https://twitter.com/Fulepp,‰ºöÁ§æÂì°„ÅÆÁô∫ÈÅîÈöúÂÆ≥ËÄÖ„Åß„Åô„ÄÇÂÆú„Åó„Åè„ÅäÈ°ò„ÅÑ„Åó„Åæ„Åô„ÄÇ,"Hi @Fulepp, I noticed you have an interest in writing, and thought I would reach out."
https://twitter.com/KhedirbinSeid,ETH,"Hi @KhedirbinSeid, I noticed you have an interest in writing, and thought I would reach out."
https://twitter.com/BONATIINFO,Bonat il parmigiano,"Hi @BONATIINFO, I noticed you have an interest in writing, and thought I would reach out."
https://twitter.com/Moose4Thought,I‚Äôm triggered. I‚Äôm woke./s,"Hi @Moose4Thought, I noticed you have an interest in writing, and thought I would reach out."
https://twitter.com/_nickgurney,"General Manager @ Rain Retail | Tweets about SaaS, startups, and Utah | Building The Experience Newsletter ","Hi @_nickgurney, I noticed you have an interest in startups, and thought I would reach out."
https://twitter.com/antmoot,just here for the vibes,"Hi @antmoot, I noticed you have an interest in writing, and thought I would reach out."
https://twitter.com/alexmrusu,B.S: Chem&BioEng | Career: Project Eng | 25 | Staunch Moderate | Utilitarian | ,"Hi @alexmrusu, I noticed you have an interest in writing, and thought I would reach out."
https://twitter.com/iogens,Ad similitudinem veri && www #tech Angel. My creator #jesus,"Hi @iogens, I noticed you have an interest in writing, and thought I would reach out."
https://twitter.com/benduhiggins,Educator searching for what's next,"Hi @benduhiggins, I noticed you have an interest in writing, and thought I would reach out."
https://twitter.com/Xl6xEd,ËÑ±ÂéÑËß£ÂéÑÊ∫êËµ∑ÊïàÂ∫î,"Hi @Xl6xEd, I noticed you have an interest in writing, and thought I would reach out."
https://twitter.com/RandomThainess, in search of Thainess * Bangkok-based and Co-founder of Random Thainess * All photos original and unsponsored,"Hi @RandomThainess, I noticed you have an interest in writing, and thought I would reach out."
https://twitter.com/sulsanaul,gone gone ty,"Hi @sulsanaul, I noticed you have an interest in writing, and thought I would reach out."
https://twitter.com/mamabeartumbler,"Stainless steel drinkware featuring Lifestyle, MLB , NFL, NCAA, NHL and MLS tumblers that reflect your team spirit. Shop now!","Hi @mamabeartumbler, I noticed you have an interest in drinkware, and thought I would reach out."
https://twitter.com/GuyFauxWasTaken,that kid in class whom the teacher is always disappointed in because of the 'potential',"Hi @GuyFauxWasTaken, I noticed you have an interest in writing, and thought I would reach out."
https://twitter.com/jonrlloyd,"Digital & human rights, food enthusiast, undercover nerd. Advocacy @DPGAlliance @UNDP Ex @global_witness @mozilla @sumofus @amnesty @curekidsnz Board @upliftirl","Hi @jonrlloyd, I noticed you have an interest in advocacy, and thought I would reach out."
https://twitter.com/bukazidane,your life begins to end the day u start becoming silent about the things that matter,"Hi @bukazidane, I noticed you have an interest in writing, and thought I would reach out."
https://twitter.com/jaromeo282,Associate editor @Scholastic Science World | jromeo@scholastic.com | she/her,"Hi @jaromeo282, I noticed you have an interest in writing, and thought I would reach out."
https://twitter.com/oureric,"you won‚Äôt believe this but I have a newsletter, a website, 4 books, and a Costco card. find them here: http://linktr.ee/oureric","Hi @oureric, I noticed you have an interest in writing, and thought I would reach out."
https://twitter.com/seolson5,writer for @Zendesk covering CX technology and trends // bookish person who enjoys petting dogs and hexing the patriarchy,"Hi @seolson5, I noticed you have an interest in writing, and thought I would reach out."
https://twitter.com/Oo10WV,Normal guy / W.Va. Trial Lawyer / Crazy Sports Fan,"Hi @Oo10WV, I noticed you have an interest in writing, and thought I would reach out."
https://twitter.com/pmbaxter,Hound of Heck. Writes all the things. Most of the things never write back.,"Hi @pmbaxter, I noticed you have an interest in writing, and thought I would reach out."
https://twitter.com/EricSm16,I'm me,"Hi @EricSm16, I noticed you have an interest in writing, and thought I would reach out."
https://twitter.com/cortolemos,"Pai, marido, veterin√°rio. Entusiasta de tecnologia e v√≠deo jogos. Fan√°tico e colecionador de tudo Corto Maltese. Comprador compulsivo de livros. #fcporto4ever","Hi @cortolemos, I noticed you have an interest in writing, and thought I would reach out."
https://twitter.com/pocketofsouls,"I like to journal my feelings and thoughts by using pretty letters, they say it's hand lettering.","Hi @pocketofsouls, I noticed you have an interest in writing, and thought I would reach out."
https://twitter.com/Baadier,Development Manager @Entelect Formerly @HomeChoice Founder https://mzansi.dev #buildinpublic  @samleepan Views my own.,"Hi @Baadier, I noticed you have an interest in writing, and thought I would reach out."
https://twitter.com/eltabei_m,ŸÖŸàÿßŸÑŸäÿØ ÿßŸÑÿ™ŸÖÿßŸÜŸäŸÜÿßÿ™,"Hi @eltabei_m, I noticed you have an interest in writing, and thought I would reach out."
https://twitter.com/wickedNwise,I love music & I love life -- nuff said. Donate to the Canadian Cancer Society #CIBCRunfortheCure! . https://bndfr.com/2g32b,"Hi @wickedNwise, I noticed you have an interest in writing, and thought I would reach out."
https://twitter.com/Olealeaga,–ª—é–±–ª—é —Å—ã–Ω–∞...!!!,"Hi @Olealeaga, I noticed you have an interest in writing, and thought I would reach out."
https://twitter.com/Rogersride3,from Pocket profile,"Hi @Rogersride3, I noticed you have an interest in writing, and thought I would reach out."
https://twitter.com/shashikumar92,"Love Dogs, Books, Music and Travel","Hi @shashikumar92, I noticed you have an interest in reading, and thought I would reach out."
https://twitter.com/GoFelishaGo,"Visioneer & Founder ‚Äî LIGHT-years  Ahead, ing Empathy, Entrepreneurship, Startups, Product, Design, UX, Venture Studios, Music, Pilates & Ayurveda","Hi @GoFelishaGo, I noticed you have an interest in entrepreneurship, and thought I would reach out."
https://twitter.com/NAlhallaf,Mostly a retweeter.,"Hi @NAlhallaf, I noticed you have an interest in writing, and thought I would reach out."
https://twitter.com/JoMeleca,Polyglot Progressive married lez disabled retired Teacher & Activist ADHD @chasingthecure update: Ehlers-Danlos and Small Fiber Neuropathy w/TS-HDS antibody,"Hi @JoMeleca, I noticed you have an interest in writing, and thought I would reach out."
https://twitter.com/Virgini13398330,van der smissen,"Hi @Virgini13398330, I noticed you have an interest in writing, and thought I would reach out."
https://twitter.com/KaisALKoussous,"Dr Forensic Pathologist,  Independent  Expert to the International Criminal Court","Hi @KaisALKoussous, I noticed you have an interest in writing, and thought I would reach out."
https://twitter.com/CallMeFarooq,I am Farooq,"Hi @CallMeFarooq, I noticed you have an interest in writing, and thought I would reach out."
https://twitter.com/regina911265621,mam rada :--,"Hi @regina911265621, I noticed you have an interest in writing, and thought I would reach out."
https://twitter.com/smile_reagent,IJesus#realist#idealist logical#writer#motivator#fun filled#teacher#Hope_alivenetwork#cryto,"Hi @smile_reagent, I noticed you have an interest in writing, and thought I would reach out."
https://twitter.com/MunishAggarwal9,"Politics & Government News Bollywood Fashion, Lifestyle & Travel Music Business & CEOs Food Comedy Sports Punjabi Entertainment Cricket NGOs & Charities Women","Hi @MunishAggarwal9, I noticed you have an interest in writing, and thought I would reach out."
https://twitter.com/iam_energymuz,Clean Energy and Cold Supply Chains | Building @manamuzelectric @coldboxstore | fellow @washfellowship,"Hi @iam_energymuz, I noticed you have an interest in clean energy, and thought I would reach out."
https://twitter.com/della79,Freelance journalist @fox_netball @GdnAusSport @Siren_Sport @realvfeel Co-writing book @OrphansPublish @withMEAA Media Fed VP & @walkleys director,"Hi @della79, I noticed you have an interest in writing, and thought I would reach out."
https://twitter.com/DavidMo22992979,Well what makes me special is that I love people and animals I am a quite and shy at first,"Hi @DavidMo22992979, I noticed you have an interest in writing, and thought I would reach out."
https://twitter.com/filmyfundaguy,"The Filmy Funda is the one stop destination to discuss movies, music and more. A perfect place for all the filmy buffs and trivia enthusiasts!","Hi @filmyfundaguy, I noticed you have an interest in writing, and thought I would reach out."
https://twitter.com/trinidadlsc13,Insatiably I love with my children and my living our best life,"Hi @trinidadlsc13, I noticed you have an interest in writing, and thought I would reach out."
https://twitter.com/CGiABC,"Spatial AI (CV, SLAM, MSF, Robotics, XR) and Travel, Hiking, HAM(BI1NIU), Rescue | Discord for SpatialAI: https://discord.gg/XPXD33jY8f | All with Graph","Hi @CGiABC, I noticed you have an interest in writing, and thought I would reach out."
https://twitter.com/chadbarnier,Young. Scrappy. Hungry. BLACK LIVES MATTER  @wearebifocal and @syd_bi_network,"Hi @chadbarnier, I noticed you have an interest in writing, and thought I would reach out."
https://twitter.com/ChanelleEMurphy,Product Manager at Thorn,"Hi @ChanelleEMurphy, I noticed you have an interest in writing, and thought I would reach out."
https://twitter.com/ThirstyPooch,"Former photographer, retired seafarer, polyglot, linux enthusiast and JavaScript developer.","Hi @ThirstyPooch, I noticed you have an interest in writing, and thought I would reach out."
https://twitter.com/em_hayward1,Life-long learner. Endlessly curious. Follows and RTs are not an indication of agreement with the content. ,"Hi @em_hayward1, I noticed you have an interest in writing, and thought I would reach out."
https://twitter.com/pauldubie,i swore i would never use Twitter.,"Hi @pauldubie, I noticed you have an interest in writing, and thought I would reach out."
https://twitter.com/EverJoel,Last 15 years as C5 quadriplegic -caused by a drunk driver. Oklahoma State psychology major -down to last 3 classes!!,"Hi @EverJoel, I noticed you have an interest in psychology, and thought I would reach out."
https://twitter.com/cenardim,State leggendo di un idealista che fa' della filosofia la sua religione. Che crede nella realizzazione della sua utopia. Deterministico nella sua relativit√†.,"Hi @cenardim, I noticed you have an interest in reading, and thought I would reach out."
https://twitter.com/jordelver,"Ruby, Rails, Elixir, Javascript. Interested in Rust. http://weeknotes.elver.meMastodon: @jord@elver.me","Hi @jordelver, I noticed you have an interest in writing, and thought I would reach out."
https://twitter.com/FranciscoEuzbi3,Natural de Flor√¢nia Rio Grande de Norte residente em Manaus Amazonas Brasil.,"Hi @FranciscoEuzbi3, I noticed you have an interest in writing, and thought I would reach out."
https://twitter.com/davidedoardou,Edge of tomorrow,"Hi @davidedoardou, I noticed you have an interest in writing, and thought I would reach out."
https://twitter.com/manwithissues,"Techie, coder, righteous complainer","Hi @manwithissues, I noticed you have an interest in writing, and thought I would reach out."
https://twitter.com/SmartBombLA,"Co-Owner of http://Jbaby.com. In another life a TV Producer & Director. Now I wear the title of The Most Unlikely Dad in LA to the living miracle, Elijah.","Hi @SmartBombLA, I noticed you have an interest in writing, and thought I would reach out."
https://twitter.com/maxdonati,"Freelance photographer based in Bologna (Italy). Member of the human race. Non tollero omofobi, fascisti e razzisti.","Hi @maxdonati, I noticed you have an interest in writing, and thought I would reach out."
https://twitter.com/Innovation_C_S,"Headhunting, IT Recruitment.#StandwithUkraine  ","Hi @Innovation_C_S, I noticed you have an interest in writing, and thought I would reach out."
https://twitter.com/PeterBale,"Journalism background at Reuters, FT, News, Microsoft, CNN, CPI, http://INMA.org. Also, and experimentally, on Mastodon at: @peterbale@newsie.social","Hi @PeterBale, I noticed you have an interest in writing, and thought I would reach out."
https://twitter.com/mikesalles,"Family man.  Entrepreneurship adventurer @sallesgroupllc.  Fan of cars, music, and country living.  In love with @kiaguerras! ","Hi @mikesalles, I noticed you have an interest in writing, and thought I would reach out."
https://twitter.com/nimzter,"Crazy about Medical Device Security, Systems Engineering and Ending Human Trafficking. Social Media Addict. Twit.","Hi @nimzter, I noticed you have an interest in writing, and thought I would reach out."
https://twitter.com/rajon8989,"Hello.I Am professional Designer ,I make fun & motivation & Anime & Otaku & Kpop & Kdrama Tee.We Have Simple Cool Design Of T shirt and Other March.","Hi @rajon8989, I noticed you have an interest in designing, and thought I would reach out."
https://twitter.com/xocoiled,an absolute clown,"Hi @xocoiled, I noticed you have an interest in writing, and thought I would reach out."
https://twitter.com/marcelomazepa,lavdate Rex,"Hi @marcelomazepa, I noticed you have an interest in writing, and thought I would reach out."
https://twitter.com/MximoPastorRiv1,"La empat√≠a es un sentimiento revolucionario, la otredad es un principio conductual irremplazable, la democrac√≠a es construcci√≥n pemanente.","Hi @MximoPastorRiv1, I noticed you have an interest in writing, and thought I would reach out."
https://twitter.com/NGoerne,"UX Designer & Researcher | UX Trainer & Mentor, polyglot, remote work advocate, coffee nerd & mover ","Hi @NGoerne, I noticed you have an interest in writing, and thought I would reach out."
https://twitter.com/ld1freitas,Lorem Ipsum is simply dummy text of the printing and typesetting industry.,"Hi @ld1freitas, I noticed you have an interest in writing, and thought I would reach out."
https://twitter.com/Pcnetwebgr,"Information Technology Company, IT Consulting - Digital Marketing - SaaS.","Hi @Pcnetwebgr, I noticed you have an interest in writing, and thought I would reach out."
https://twitter.com/kamilsevi,Web Security Researcher,"Hi @kamilsevi, I noticed you have an interest in writing, and thought I would reach out."
https://twitter.com/d0c5py,it security | it risk management | scientific and engineering background,"Hi @d0c5py, I noticed you have an interest in writing, and thought I would reach out."
https://twitter.com/19_poulomi,"Inquisitive learner & NVS teacher, Nonconformist, Scribbler. Passionate about Literature, Education, Writing, Social Change, Movies. High on ‡¶≤‡ßç‡¶Ø‡¶æ‡¶¶ & life!","Hi @19_poulomi, I noticed you have an interest in writing, and thought I would reach out."
https://twitter.com/atlassnubbed,"Wizard in the (Excel) sheets, knows all the words to the Sarah & Duck theme tune, and is on a constant mission to be the very best like no one ever was.","Hi @atlassnubbed, I noticed you have an interest in writing, and thought I would reach out."
https://twitter.com/sidratnam,unable to figure out my bird app persona,"Hi @sidratnam, I noticed you have an interest in writing, and thought I would reach out."
https://twitter.com/Erickssonn11,If every pork chop were perfect we wouldn't have hot dogs! ETX | ,"Hi @Erickssonn11, I noticed you have an interest in writing, and thought I would reach out."
https://twitter.com/PopeKennedy1,"Architect, Father, and lover of truth. My People will say, When money starts blindfolding the truth, comes anarchy","Hi @PopeKennedy1, I noticed you have an interest in architecture, and thought I would reach out."
https://twitter.com/David_Yeh,Don't use time or words carelessly. Neither can be retrieved.,"Hi @David_Yeh, I noticed you have an interest in writing, and thought I would reach out."
https://twitter.com/TrollabackGal,"Trespasser @ Behavioural Economics and Psychology, Art & Lit aficionado, melophile & a lifelong swimmer @nyustern #BehaviouralEcon #Fintech #FounderGym","Hi @TrollabackGal, I noticed you have an interest in writing, and thought I would reach out."
https://twitter.com/JohnnyKavanagh,Views expressed are as always my own,"Hi @JohnnyKavanagh, I noticed you have an interest in writing, and thought I would reach out."
https://twitter.com/amandafortini,Writer. I‚Äôm writing a book about Las Vegas.  Email: amanda.fortini@gmail.com Also on Signal or Substack. https://amandafortini.substack.com,"Hi @amandafortini, I noticed you have an interest in writing, and thought I would reach out."
https://twitter.com/Srimanas1,"Lawyer Teacher Poet Author Yogi, Cook. Law and Business Advisor. Social Cultural Revolutionary. Founder of new religion Manas Ishashtha.","Hi @Srimanas1, I noticed you have an interest in writing, and thought I would reach out."
https://twitter.com/JrNwafor,Logical approach to unreasonable situations that requires simple human decency with strategic leverage to mitigate costly and embarrassing consequences.,"Hi @JrNwafor, I noticed you have an interest in writing, and thought I would reach out."
https://twitter.com/Heidi51578143,"I have 3 awesome, beautiful children, a great family, and friends.","Hi @Heidi51578143, I noticed you have an interest in writing, and thought I would reach out."
https://twitter.com/alfonsocantante,"cantautor venezolano, autor y compositor exclusivo @peermusicvezla. Editor y fundador   de https://actualidadaccesible.com","Hi @alfonsocantante, I noticed you have an interest in writing, and thought I would reach out."
https://twitter.com/RameyFilms,Cinematographer  Filmmaker  U.S. Naval Academy Graduate  @ARRIChannel Certified Camera Operator,"Hi @RameyFilms, I noticed you have an interest in cinematography, and thought I would reach out."
https://twitter.com/ctaylorparton,"Born in Tettenhall, Wolverhampton, living in London. All views are my own.","Hi @ctaylorparton, I noticed you have an interest in writing, and thought I would reach out."
https://twitter.com/HenryHSports,BSc Sports Management grad from @lborouniversity. Account Manager at Octagon. Interested in all things sports marketing & creative!,"Hi @HenryHSports, I noticed you have an interest in sports marketing & creative, and thought I would reach out."
https://twitter.com/Che7seaChen,U will never guess.,"Hi @Che7seaChen, I noticed you have an interest in writing, and thought I would reach out."
https://twitter.com/kordindex,People. Products. Experiences. It's not what you say. It's what you do.,"Hi @kordindex, I noticed you have an interest in writing, and thought I would reach out."
https://twitter.com/DRadebe,PhD Candidate @uoftengineering | Research Interests: Equity & Social Justice in Engineering Education | Pronouns: She/Her | My tweets are my own.,"Hi @DRadebe, I noticed you have an interest in writing, and thought I would reach out."
https://twitter.com/Jobicy,"Hire remote talent or be hired for any job, anywhere! Hire talent: http://jobicy.com/hr Be hired: http://jobicy.com/cv","Hi @Jobicy, I noticed you have an interest in writing, and thought I would reach out."
https://twitter.com/JeremyWallaceGO,‚Ä¶https://puget-sound-recording-studio.business.site/?m=true,"Hi @JeremyWallaceGO, I noticed you have an interest in writing, and thought I would reach out."
https://twitter.com/itispc,Learn. Create. Share. I write code and refresh webpage a million times for $. Built @snackstories,"Hi @itispc, I noticed you have an interest in writing, and thought I would reach out."
https://twitter.com/DrKedarKirtane,Head/neck/endocrine oncologist at @Moffittnews. Alum of @DukeMedicine and @UWmedicine @fredhutch. Researcher in disparities and cellular therapies.,"Hi @DrKedarKirtane, I noticed you have an interest in writing, and thought I would reach out."
https://twitter.com/mofijurrohman9,DON.T Lucky star by followers,"Hi @mofijurrohman9, I noticed you have an interest in writing, and thought I would reach out."
https://twitter.com/adlina_rahim,"Project Lead @WeCareJourney  MBBChBAO (Ireland)  Global health, healthcare design & equity ","Hi @adlina_rahim, I noticed you have an interest in healthcare design, and thought I would reach out."
https://twitter.com/marquezfagoaga,@Upwork Top-Rated Plus Independent Talent. Dogs lover. I live off-the-grid and hand feed hummingbirds.,"Hi @marquezfagoaga, I noticed you have an interest in writing, and thought I would reach out."
https://twitter.com/MubarakAltheeb,A-resourceful-Z,"Hi @MubarakAltheeb, I noticed you have an interest in writing, and thought I would reach out."
https://twitter.com/Boris52328137,Apoyo la libertad,"Hi @Boris52328137, I noticed you have an interest in writing, and thought I would reach out."
https://twitter.com/readermode,"All-in-one reading, bookmarking, highlighting and research tool  by @ryzalyusoff","Hi @readermode, I noticed you have an interest in reading, and thought I would reach out."
https://twitter.com/davidfhayes,Another child grown old. Songwriter. Guitarist. Former Action Guy. Veteran. Airborne Infantry. ,"Hi @davidfhayes, I noticed you have an interest in writing, and thought I would reach out."
https://twitter.com/readermode,"All-in-one reading, bookmarking, highlighting and research tool  by @ryzalyusoff","Hi @readermode, I noticed you have an interest in reading, and thought I would reach out."
https://twitter.com/davidfhayes,Another child grown old. Songwriter. Guitarist. Former Action Guy. Veteran. Airborne Infantry. ,"Hi @davidfhayes, I noticed you have an interest in writing, and thought I would reach out."
https://twitter.com/Boris52328137,Apoyo la libertad,"Hi @Boris52328137, I noticed you have an interest in writing, and thought I would reach out."
https://twitter.com/readermode,"All-in-one reading, bookmarking, highlighting and research tool  by @ryzalyusoff","Hi @readermode, I noticed you have an interest in reading, and thought I would reach out."
https://twitter.com/davidfhayes,Another child grown old. Songwriter. Guitarist. Former Action Guy. Veteran. Airborne Infantry. ,"Hi @davidfhayes, I noticed you have an interest in writing, and thought I would reach out."
https://twitter.com/benjamineevans,"Product Inclusion @Paypal. Previously @Airbnb. On a mission to help leaders build products that resonate with everyone, everywhere. Views are my own.","Hi @benjamineevans, I noticed you have an interest in writing, and thought I would reach out."
https://twitter.com/jessinhtx,"Grown, but still figuring it out. Texas forever. We all we got. My views. No one else's.","Hi @jessinhtx, I noticed you have an interest in writing, and thought I would reach out."
https://twitter.com/OldManYoung6,Reliably grumpy underemployed epistemologist (imagine *that*!). Disturbingly left of socialism...& a bad influencer as an avocation. Blocked by Curt Schilling!!,"Hi @OldManYoung6, I noticed you have an interest in writing, and thought I would reach out."
https://twitter.com/BeepMarvis,'Better to reign in Hell than serve in Heaven',"Hi @BeepMarvis, I noticed you have an interest in writing, and thought I would reach out."
https://twitter.com/pocketalli,"pop punk saved my life. having a pink cloud summer. insta: readwithalli. ùìÅùëíùìâ ùëíùìÇ. i don‚Äôt do drugs, i am drugs.","Hi @pocketalli, I noticed you have an interest in reading, and thought I would reach out."
https://twitter.com/raj_sargara,NAMO AGAIN AND AGAIN,"Hi @raj_sargara, I noticed you have an interest in writing, and thought I would reach out."
https://twitter.com/rahulkohli31,Assistant Manager @KPMGIndia | DevOps | Cloud | Linux,"Hi @rahulkohli31, I noticed you have an interest in writing, and thought I would reach out."
https://twitter.com/iammehedi3x,"Digital Marketing Strategist, Founder & CEO of @mhdigitals. Helping people succeed through online marketing!","Hi @iammehedi3x, I noticed you have an interest in writing, and thought I would reach out."
https://twitter.com/jayashenbagam,Om  ,"Hi @jayashenbagam, I noticed you have an interest in writing, and thought I would reach out."
https://twitter.com/alibasuki,a learner,"Hi @alibasuki, I noticed you have an interest in writing, and thought I would reach out."
https://twitter.com/Elliot_Stoele,the answer is always 42,"Hi @Elliot_Stoele, I noticed you have an interest in writing, and thought I would reach out."
https://twitter.com/kfactorg1,"Positive Vibrations, Traveler, Sports Fan, Lover of Books and Music #gamecocknation #mavsnation #chicagobears","Hi @kfactorg1, I noticed you have an interest in writing, and thought I would reach out."
https://twitter.com/SatShu360,inactive profile,"Hi @SatShu360, I noticed you have an interest in writing, and thought I would reach out."
https://twitter.com/pushkar_29,Occasional tweets. Probably about sports... or not. You'll Never Walk Alone!,"Hi @pushkar_29, I noticed you have an interest in writing, and thought I would reach out."
https://twitter.com/hirday_g,Building something new | prev @retool,"Hi @hirday_g, I noticed you have an interest in writing, and thought I would reach out."
https://twitter.com/tonmoysharmaceo,"Researcher, Author","Hi @tonmoysharmaceo, I noticed you have an interest in writing, and thought I would reach out."
https://twitter.com/hairylilmonster,18+  content,"Hi @hairylilmonster, I noticed you have an interest in writing, and thought I would reach out."
https://twitter.com/kaliopepart,"lawyer; former: fostercare worker, public defender, BaltoCity dep mayor & chiefofstaff; greek-american; had breast cancer; just me-no official tweets",
https://twitter.com/salocinuy,"Periodista frustrado, colaborador de @TodosNetwork y @Calculo_TV | La libertad de pensar y de publicar lo que se quiera es el origen de muchos males.","Hi @salocinuy, I noticed you have an interest in writing, and thought I would reach out."
https://twitter.com/kowsika0,"Project Manager, born from resolving Interior Dcomplexities|Neat freak|D person, but likes Cvideos|Thriving in digital-space @okkohealth, @thedigitalpm","Hi @kowsika0, I noticed you have an interest in writing, and thought I would reach out."
https://twitter.com/nimalan,https://macaw.social/@nimalan (Parody),"Hi @nimalan, I noticed you have an interest in writing, and thought I would reach out."
https://twitter.com/thesilvias,enthusiast of things | product design | design ops,"Hi @thesilvias, I noticed you have an interest in writing, and thought I would reach out."
https://twitter.com/carneymichael,jazz enthusiast.,"Hi @carneymichael, I noticed you have an interest in writing, and thought I would reach out."
https://twitter.com/JaruAnnies,My name Annie,"Hi @JaruAnnies, I noticed you have an interest in writing, and thought I would reach out."
https://twitter.com/aboutranu,Mom says keep smiling. :)A creative mind at @everythinganart,"Hi @aboutranu, I noticed you have an interest in writing, and thought I would reach out."
https://twitter.com/itzaamir,"Let people say what they want, I am what I am. (Sachal Sarmast)","Hi @itzaamir, I noticed you have an interest in writing, and thought I would reach out."
https://twitter.com/JimmySteier,staving off entropy,"Hi @JimmySteier, I noticed you have an interest in writing, and thought I would reach out."
https://twitter.com/Karan_patell1,"Vivid Supporter of cosmos chains, Cosmos SDK chains enthusiast.Managing innovative cosmos-sdk projects / $HUAHUA DAO co-lead.","Hi @Karan_patell1, I noticed you have an interest in cosmos-sdk projects, and thought I would reach out."
https://twitter.com/fhaelmarinho,Mestre em Ci√™ncia da Informa√ß√£o. Especialista em Cidadanias Europeias. Escritor. Professor e Palestrante. CEO da @barrosoliveira_,"Hi @fhaelmarinho, I noticed you have an interest in writing, and thought I would reach out."
https://twitter.com/jmclaughlin87,Just living the dream!!,"Hi @jmclaughlin87, I noticed you have an interest in writing, and thought I would reach out."
https://twitter.com/simran,"Director, Aspen Institute's Religion & Society Program l Author, The Light We Give: How Sikh Wisdom Can Transform Your Life I Speaking: @prhspeakers","Hi @simran, I noticed you have an interest in writing, and thought I would reach out."
https://twitter.com/NumanMajeed10,- Kashmiri by soul,"Hi @NumanMajeed10, I noticed you have an interest in writing, and thought I would reach out."
https://twitter.com/uncle_robot,exDev. Dead brain (really!),"Hi @uncle_robot, I noticed you have an interest in writing, and thought I would reach out."
https://twitter.com/SilviuStroe,Product Development. Passionate #IndieHacker with a focus on building small products with great potential. #Neo4j Certified Professional.,"Hi @SilviuStroe, I noticed you have an interest in writing, and thought I would reach out."
https://twitter.com/ImpDrift,Cleansing the timeline.,"Hi @ImpDrift, I noticed you have an interest in writing, and thought I would reach out."
https://twitter.com/gmay,"Tech writer, ebook publisher, infosec geek.","Hi @gmay, I noticed you have an interest in writing, and thought I would reach out."
https://twitter.com/grrywlsn,Director of Platform Engineering at @SequenceHQ_ - formerly at @zopa + @imaginecurve (he/him),"Hi @grrywlsn, I noticed you have an interest in writing, and thought I would reach out."
https://twitter.com/C_Gaune,"MBA - ESCP Business School, France.","Hi @C_Gaune, I noticed you have an interest in writing, and thought I would reach out."
https://twitter.com/SNeer27248424,One is all,"Hi @SNeer27248424, I noticed you have an interest in writing, and thought I would reach out."
https://twitter.com/weedoggos,Antifascist pup.  I stand with with Ukraine.  Love is love.,"Hi @weedoggos, I noticed you have an interest in writing, and thought I would reach out."
https://twitter.com/oliurcovich,"Ital-Argentinean in London. Fascinated by Innovation, Technology & Energy Policy.","Hi @oliurcovich, I noticed you have an interest in writing, and thought I would reach out."
https://twitter.com/TSoftTech,"Solution Developer, Web Developer, Music Producer,","Hi @TSoftTech, I noticed you have an interest in writing, and thought I would reach out."
https://twitter.com/SagarSuba333,"Learning Enthusiast, techie, Ambivert, Explorer, Minimalist","Hi @SagarSuba333, I noticed you have an interest in writing, and thought I would reach out."
https://twitter.com/dineshpandey40,"retired engineer from MPLDC, bhopal. At present, I'm looking after my small scale agricultural farming.phone- +918889803527, darp914@gmail.com.","Hi @dineshpandey40, I noticed you have an interest in writing, and thought I would reach out."
https://twitter.com/Jimmy_JingLv,  Building  http://BibiGPT.co‰∏®http://mofa.si‰∏®http://aitodo.co Learning by Doing  http://jimmylv.cnEx @AlibabaGroup @ThoughtWorksYouTuber‰∏®Writer‰∏®Photographer„ÄåÂú®Â≠¶‰π†ÁöÑÂêåÊó∂Â∏ÆÂä©‰ªñ‰∫∫Â≠¶‰π†„Äç,"Hi @Jimmy_JingLv, I noticed you have an interest in writing, and thought I would reach out."
https://twitter.com/feyinway,ReferenceError: bio is not defined,"Hi @feyinway, I noticed you have an interest in writing, and thought I would reach out."
https://twitter.com/feyinway,ReferenceError: bio is not defined,"Hi @feyinway, I noticed you have an interest in writing, and thought I would reach out."
https://twitter.com/adolwilson, On Running ventas HIGHest Mixtape en Spotify/YouTube BeeKoala,"Hi @adolwilson, I noticed you have an interest in writing, and thought I would reach out."
https://twitter.com/adolwilson, On Running ventas HIGHest Mixtape en Spotify/YouTube BeeKoala,"Hi @adolwilson, I noticed you have an interest in writing, and thought I would reach out."
https://twitter.com/ryangolf,"Product manager, baseball fanatic, hack golfer and lover of steak","Hi @ryangolf, I noticed you have an interest in writing, and thought I would reach out."
https://twitter.com/MediumRichie,He/him. Choose only righteous fights.,"Hi @MediumRichie, I noticed you have an interest in writing, and thought I would reach out."
https://twitter.com/justintimeforx,"Wage Slave,Frugal out of Fear $justintimeforx","Hi @justintimeforx, I noticed you have an interest in writing, and thought I would reach out."
https://twitter.com/boristane,"founder of @baselimehq, building observability for serverless | @sequoia Arc 22","Hi @boristane, I noticed you have an interest in writing, and thought I would reach out."
https://twitter.com/PankajPrasade,"Stocks, Futures & Options since 2008! MBA Finance, JBIMS!Ex-Currency/ Financial Analyst! All tweets are my personal views and not recommendations.","Hi @PankajPrasade, I noticed you have an interest in finance, and thought I would reach out."
https://twitter.com/WeavitApp,Weavit is the shazam of your thoughts. 1. You capture 2. We'll find the links and organize 3. You retrieve 4. Eureka!,"Hi @WeavitApp, I noticed you have an interest in organizing, and thought I would reach out."
https://twitter.com/isabellelane,"Journalist/editor at @SBSNews. Views are mine, RT/follow/like ‚â† endorsement.","Hi @isabellelane, I noticed you have an interest in writing, and thought I would reach out."
https://twitter.com/AaronAgre,Junior Director of Good Ideas @ @sydecario - Nashville + Design + Music + Motorcycles + food ex Grace Street Coffee Roasters - carpe SPV,"Hi @AaronAgre, I noticed you have an interest in writing, and thought I would reach out."
https://twitter.com/PompPodcast12,"The official Twitter account of The Pomp Podcast, hosted by @APomplianoAccount run by @RyanOC13Interested in becoming a sponsor? Pomp.Podcast@gmail.com","Hi @PompPodcast12, I noticed you have an interest in writing, and thought I would reach out."
https://twitter.com/MonaBitmore,"I'm a social animal  I  sharing my experiences  Interests include: architecture, fashion/style, adventures, friends, conversations & surprises ","Hi @MonaBitmore, I noticed you have an interest in adventures, and thought I would reach out."
https://twitter.com/Delta2315,"Developer, @v_language Contributor, Open Source Contributor, Technical Writer, Organizing Team @FOSSUnitedDelhi, CFP Volunteer @FOSSUnited","Hi @Delta2315, I noticed you have an interest in writing, and thought I would reach out."
https://twitter.com/jamesab_,historian and lecturer; enjoys cooking and baking. he/him.,"Hi @jamesab_, I noticed you have an interest in writing, and thought I would reach out."
https://twitter.com/Palseb,"Passionate about technology, wellness, productivity, writing, thinking, humanities","Hi @Palseb, I noticed you have an interest in writing, and thought I would reach out."
