https://twitter.com/iamkeithgibson1,All fixed up 8
https://twitter.com/nico_gendron,(Ex) @CommunityNotes x @twitter  I @wsj @rji @nytimes @wwe
https://twitter.com/iam_mariya08,I love JESUS 
https://twitter.com/staceyauger1,Generalist - PNW
https://twitter.com/almsx,Tech Lead  / React Native Sr / Linuxero  / ï£¿ Fan / Atlante LeÃ³n . Conductor del meetup de meetups @gnulinuxlatino . CTO en @ideashappy
https://twitter.com/Tahamul_,"Internet, tecnologÃ­a y derechos humanos. EstudiÃ© Derecho en la @unmsm_ y le encuentro sentido en @hiperderecho.CantÃ© con @TheVampsBand en UK (25/11/2022)."
https://twitter.com/jiveshrox,hy
https://twitter.com/courtgri,utk | atl
https://twitter.com/xxx46011034,Taboo
https://twitter.com/SidVamsi,21
https://twitter.com/amoos_tw,"SegÃºn la Ãºltima encuesta a mis amigos, â€œintensoâ€ es una palabra que me define. Hablemos de motos y tecnologÃ­a. Instagram: @amoos_ig Pinterest: amoos_pt"
https://twitter.com/james02962,åˆ†äº«ã€Šæ„›ã€‹åˆ†äº«
https://twitter.com/VanesaDaf,Blog Personal - Reflexiones - Actualidad - Experiencias  - Alivio HumorÃ­stico (?) - Millennial Sensiblera  -Lic. en Publicidad - @vanesadaf Everywhere 
https://twitter.com/Python_Fan,"Lorem ipsum dolor sit amet, consectetur adipiscing elit, sed do eiusmod tempor incididunt ut labore et dolore magna aliqua. Ut enim ad minim veniam, quis nostru"
https://twitter.com/gawain_bo,Bibliotecario
https://twitter.com/mahdibir,ØªÙˆÙ„ÛŒØ¯ÛŒ ØªØ¬Ù‡ÛŒØ²Ø§Øª Ù‚Ø§Ù„Ø¨ Ø¨ØªÛŒ ÙˆØ¯Ø§Ø±Ø¨Ø³Øª Ø¨Ù†Ø¯ÛŒ Ù…Ù‡Ø¯ÛŒ
https://twitter.com/guddu1100,à¥ à¤¤à¥à¤°à¥à¤¯à¤®à¥à¤¬à¤•à¤‚ à¤¯à¤œà¤¾à¤®à¤¹à¥‡ à¤¸à¥à¤—à¤¨à¥à¤§à¤¿à¤‚ à¤ªà¥à¤·à¥à¤Ÿà¤¿à¤µà¤°à¥à¤§à¤¨à¤®à¥ | à¤‰à¤°à¥à¤µà¤¾à¤°à¥à¤•à¤®à¤¿à¤µ à¤¬à¤¨à¥à¤§à¤¨à¤¾à¤¨à¥à¤®à¥ƒà¤¤à¥à¤¯à¥‹à¤°à¥à¤®à¥à¤•à¥à¤·à¥€à¤¯ à¤®à¤¾à¤½à¤®à¥ƒà¤¤à¤¾à¤¤à¥ ||
https://twitter.com/fermaya777,"Sugar, Hunting & Bourbon"
https://twitter.com/NeuOmer,×××™×™×¡×“×™ ×¤×¨×•×™×™×§×˜ #×”×¤×¨×œ×× ×˜×—×•×§×¨ ×¦×™×•×¦×™× ×¢×™×™×£ ×‘××¢×‘×“×ª ×¢×™×‘×•×“ ×”×©×¤×” ×‘ @bengurionu××›×—×™×© ×‘×§×™×•××” ×©×œ × ×¡ ×¦×™×•× ×”
https://twitter.com/azaz8864,ì•„ë¦„ë‹¤ìš´ë™í–‰
https://twitter.com/PamelaMaguigad,architectural designer - lang @pamypoly - code @codacapama
https://twitter.com/khirios,"CristÃ£o...Brasil, PÃ¡tria Amada!Rubro Negro de coraÃ§Ã£o.Carioca, de Vila Isabel.EletrotÃ©cnico de profissÃ£o."
https://twitter.com/martinowong,"Ho bisogno di scarabocchiare la bellezza: racconto su YouTube storie che non sai di voler sapere: oradecima. Mi piace camminare, la fotografia, la scienza."
https://twitter.com/rdspenza,Ğ´ĞµÑ‚Ğ°Ğ»Ğ¸ Ğ¸ Ğ¾Ğ±Ğ¾Ñ€ÑƒĞ´Ğ¾Ğ²Ğ°Ğ½Ğ¸Ğµ Ñ‚ĞµĞ¿Ğ»Ğ¾Ğ²Ğ¾Ğ·Ğ¾Ğ² Ğ¸ Ğ´Ğ¸Ğ·ĞµĞ»ÑŒĞ½Ñ‹Ñ… Ğ´Ğ²Ğ¸Ğ³Ğ°Ñ‚ĞµĞ»ĞµĞ¹
https://twitter.com/SattamSauwd,Sattamnt @
https://twitter.com/Rebecca84862020,Im just me
https://twitter.com/Official_bangis,Financial trader || Digital Comrade || Digital Marketer || Trader  #Btc #Forex 
https://twitter.com/TLqJYKZPClRS4Gm,æˆ‘æ˜¯è˜‡æ„›å¦®
https://twitter.com/Nelsonebuka00,abeg.  @mrebuka
https://twitter.com/tsaniong,å»ç å¤´æ•´ç‚¹è–¯æ¡
https://twitter.com/curridebarrio,"Â¡Rockeros: el que no estÃ© colocado, que se coloqueâ€¦ y al loro!"
https://twitter.com/xxxxrumine,IG: xxrumine ë‚´ê°€ ì½ê³  ì“°ëŠ” ê±°ì˜ ëª¨ë“  ê²ƒ
https://twitter.com/1iibaan,"~Qaran midh ah,Quluub mid ah iyo Wadanko Qani ah.I have SOMALILAND patriotism in blood and in bones.  Â°â€¢Â° ~"
https://twitter.com/jessikarochas, SOMOS TODOS CRIATIVOS Ajudo a criar experiÃªncias visuais Nerd de produtividade
https://twitter.com/stolenvoids,I spread my anger like agent orange
https://twitter.com/GaryDarbyshire3,garydarbyshire36@gmail.com
https://twitter.com/nomadelectronik,qui est gros ici
https://twitter.com/ZedicusThinks,25 | Democratic Socialist  | MMT| Secular Humanist  | Vegan  | Lab Analyst  | Graduate Student | â€˜nullius in verba et incredulos manere' |
https://twitter.com/_jacobbrown,*Sports & Tech Junkie*#GirlDad  #SingleDad
https://twitter.com/l9_peace,å¿ƒç´¯...
https://twitter.com/tholarsenmas,@ MFF_MikHnt
https://twitter.com/hayano_artdiary,â€»ã†ã¤ç—…ãƒ»ãƒ‘ãƒ‹ãƒƒã‚¯éšœå®³ãŒã‚ã‚Šã€å…¬å…±äº¤é€šæ©Ÿé–¢ã«ä¹—ã‚‹ã“ã¨ãŒã§ãã¾ã›ã‚“ã€‚â€»æ€§åˆ¥é•å’ŒãŒã‚ã‚Šã¾ã™ã€‚â—‡èŠ¸è¡“ç·åˆã‚µãƒãƒ¼ã‚¿ãƒ¼â–¡ç·åˆ @hayano_lolitartRT&ã‚·ã‚§ã‚¢ @hayano_shareâ™ªUSENãƒ»J-WAVEãƒ»FM802â™¡ãƒ­ãƒªã‚£ã‚¿ãƒ•ã‚¡ãƒƒã‚·ãƒ§ãƒ³/ãƒ†ãƒ‡ã‚£ãƒ™ã‚¢/ç´…èŒ¶/ãƒ¬ãƒ¼ã‚¹ç”Ÿåœ°/ã‚¬ãƒ©ã‚¹/æ”¾é€/æ´‹é¤¨
https://twitter.com/jr3003,.
https://twitter.com/JeffGator82,Proud/××™×¨ ×–×™×™× ×¢×Ÿ ×“×/ally/ÑĞ»Ğ°Ğ²Ğ° ÑƒĞºÑ€Ğ°Ñ—Ğ½Ñ–/×¢× ×™×©×¨××œ ×—×™/Go Gators & Jags
https://twitter.com/helpme_jet,à¸Šà¸·à¹ˆà¸­à¹€à¸ˆ à¸Šà¸­à¸šà¹€à¸›à¹‡à¸™à¸£à¸±à¸šà¸¡à¸²à¸à¸à¸§à¹ˆà¸²à¸£à¸¸à¸ à¸­à¸¢à¸²à¸à¹‚à¸Šà¸§à¹Œà¹à¸•à¹ˆà¹ƒà¸ˆà¹„à¸¡à¹ˆà¸à¸¥à¹‰à¸² à¸¡à¸µà¸„à¸§à¸²à¸¡à¸ªà¸¸à¸‚ à¹à¸¥à¸°à¸„à¸§à¸²à¸¡à¹€à¸ªà¸µà¸¢à¸§ #lovebigdick
https://twitter.com/officialjilani,"à¤œà¤¼à¤¿à¤‚à¤¦à¤—à¥€ à¤”à¤° à¤‰à¤¸à¤•à¥€ à¤¯à¥‡ à¤›à¥‹à¤Ÿà¥€ à¤¸à¥€ à¤¡à¤¾à¤¯à¤°à¥€, à¤¬à¤¾à¤•à¥€ à¤®à¥ˆà¤‚ à¤à¤• à¤—à¥à¤®à¤¨à¤¾à¤® à¤œà¤¼à¤¾à¤¹à¤¿à¤² à¤‡à¤‚à¤¸à¤¾à¤¨ à¤‰à¤¨ à¤ªà¤¨à¥à¤¨à¥‹ à¤•à¥‡ à¤­à¥€à¤¡à¤¼ à¤­à¤¾à¤¡à¤¼ à¤¸à¥‡ à¤­à¤¾à¤—à¤¤à¤¾ à¤¹à¥à¤†..."
https://twitter.com/syuuji3886,ç€¬æˆ¸ç‰©å±‹ã§ã™ã€‚
https://twitter.com/Allexx3578,Leben und Leben lassen! NormalitÃ¤t betrifft mich nicht.
https://twitter.com/ardumijar,"Nunca consideres el estudio como una obligaciÃ³n, sino como una oportunidad para penetrar en el bello y maravilloso mundo del saber. Albert Einstein"
https://twitter.com/john_snoberger,I like sports & Free Markets!!!
https://twitter.com/SonhosFamilia,Aqui vocÃª encontra o artesanato que encantaCrochÃª Pano de pratoPorta Guardanapos e CoposJg Americano Trabalho por encomendaEnvio pra todo paÃ­s
https://twitter.com/__faridkarimi,Design a better future.
https://twitter.com/lisicq,"So bestia, leyg nai naz beper!.. "
https://twitter.com/HUNGMINHLY,lmh
https://twitter.com/alghamdi_iman,Ø£.Ù…Ø³Ø§Ø¹Ø¯ Ø¹Ø¶Ùˆ Ù‡ÙŠØ¦Ø© ØªØ¯Ø±ÙŠØ³ Ù…Ø§Ø¬Ø³ØªÙŠØ± Ø¹Ù„Ù… Ø§Ù„Ù†ÙØ³ Ø§Ù„Ø§Ø¬ØªÙ…Ø§Ø¹ÙŠ ÙˆØ§Ù„Ø´Ø®ØµÙŠ Ø¨ÙƒØ§Ù„ÙˆØ±ÙŠÙˆØ³ Ø§Ù„Ø¹Ù„ÙˆÙ… Ø§Ù„Ø§Ù‚ØªØµØ§Ø¯ÙŠØ© ÙˆØ§Ù„Ù…Ø§Ù„ÙŠØ© Ø­Ø³Ø§Ø¨ Ø´Ø®ØµÙŠ
https://twitter.com/meena_nc,Wanderer | Nature lover | Inquisitive mind | Investor
https://twitter.com/NosdosD_O,"FibromiÃ¡lgica.MamÃ¡ de Dan&Fiori. SanandoConEscritura, mi Proyecto actual. Licenc. EnfermerÃ­a&EducaciÃ³n. TÃ©cnica SAC. Amo las Letras y el DIM.Lectora&Escritora"
https://twitter.com/Shankarsabavat5,Hi Friends
https://twitter.com/almhry_ahmed,Ø¹Ù„Ù‰ ÙƒÙ Ø§Ù„Ù‚Ø¯Ø± Ù†Ù…Ø´ÙŠ ÙˆÙ„Ø§ Ù†Ø¯Ø±ÙŠ Ø¹Ù† Ø§Ù„Ù…ÙƒØªÙˆØ¨
https://twitter.com/joe_from_mars,Don't care what anyone says. No war! ã€å·±ã®æ¬²ã›ã–ã‚‹äº‹ äººã«æ–½ã™ã“ã¨å‹¿ã‚Œã€‘ ã€æ‰¹åˆ¤ã‚ˆã‚Šã‚‚ææ¡ˆã‚’ã€‘instaæœ‰ã€ã€å¥½ã€‘ãƒ‘ãƒ³ã€çˆç²ã€é“å…·ã€æ–‡å…·ã€çŒ« æµ·è€ãƒ•ãƒ©ã‚¤ã€æµ·è€å¤©ã¯å°»å°¾ã¾ã§é£Ÿã¹ã‚‹
https://twitter.com/MikeBotkin_,OneOutdoor Holdings
https://twitter.com/KuyaDennis2,Dennis Fontillas
https://twitter.com/republicofdust,#abolish112#saveà¸«à¸¢à¸
https://twitter.com/kikaschlup,human female
https://twitter.com/LunaSolipsista,||â€LG(B)A(T)IQ+|13/09/2021| INTP ||(Castellano e Ingles)|
https://twitter.com/hasuike1218,ãƒ•ãƒªãƒ¼ãƒ©ãƒ³ã‚¹ã§åºƒå‘Šã€ã‚µã‚¤ãƒˆé‹ç”¨â†ã‚ªãƒ¼ãƒ«ã‚¢ãƒã‚¦ãƒˆãƒŠãƒ“â†ã‚·ãƒ¼ã‚¨ãƒ¼ã‚¢ãƒ‰ãƒãƒ³ã‚¹â†AVã®æ˜ åƒå¯©æŸ»â†å½¹æ‰€ã«å‡ºå‘ã—ã¦ã‚¨ãƒ³ã‚¸ãƒ‹ã‚¢â†æ±äº¬è¾²å¤§é™¸ä¸Šéƒ¨â†ç†Šæœ¬å¤©è‰ï¼ãƒ•ãƒªãƒ¼ãƒ©ãƒ³ã‚¹ã§åºƒå‘Šé‹ç”¨ãªã©ã‚„ã£ã¦ã¾ã™ã€‚
https://twitter.com/aswanth_nag,Product @pitneybowesProduct Management
https://twitter.com/_gsn0112_,|Diligent||Enthused||Versatile|
https://twitter.com/anneliese_olson,"Global Tech Exec, ex-@HP. Mom. Music lover & aspiring DJ. Love to laugh. Inspired by humans, art, travel & basketball. NFTs. Novice Sailor. Angel investor."
https://twitter.com/AlfOnshuus,"Comentarios sobre matemÃ¡ticas, ciencia en Colombia y otras cosas"
https://twitter.com/eleacheocho,Bienvenidos a mi diario no tan privado y a mi perfil secreto no tan secreto.DespuÃ©s del gusto viene el susto.
https://twitter.com/lfsuarez80,"Consultor de Procesos y OptimizaciÃ³n Empresas, sistemas ERP, FÃºtbol, arte, historia, literatura. dibujante "
https://twitter.com/bicycle1986,Otro personaje en la ciudad
https://twitter.com/e0b61872d3b340c,+18
https://twitter.com/asyaasays,ğ–‘ğ–”ğ–›ğ–Šğ–—ğ–˜ ğ–Œğ–”ğ–“ğ–“ğ–† ğ–‘ğ–”ğ–›ğ–Š
https://twitter.com/uhleeeeeeeshuh,=(Alicia*licia*icia*cia*ia*a)*(DeVrio*eVrio*Vrio*rio*io*o); grammar & musicals & HCI & libraries & chaos & ampersands; shaky attempt at a professional Twitter
https://twitter.com/marianaa444,11:11
https://twitter.com/daiwang111,iphone ipad
https://twitter.com/Moritz1120,"Politisch interessiert schon seit Schulzeiten, was mich u.a. in die Kommunalpolitik fÃ¼hrte. FrÃ¼her Gemeindevertreter und Abgeordneter im Kreistag Oder-Spree."
https://twitter.com/TOukno,â€œBmTâ€....
https://twitter.com/danifofric,bavi me party
https://twitter.com/sapitonmix,"Former tech journalist (@forbes_ukraine) Content for @EstoniaInvest, VC analytics for @sidvpfund. Views of my own. Tweets about tech, Ukraine and books"
https://twitter.com/samaiman,Ù…Ø¤Ø³Ø³ ÙˆØ±Ø¦ÙŠØ³ Ù…Ø¬Ù„Ø³ Ø¥Ø¯Ø§Ø±Ø© @arabia_it | Ù…Ø¤Ù„Ù ÙˆÙ…ØªØ±Ø¬Ù… Ù„Ø§ÙƒØ«Ø± Ù…Ù† 50 ÙƒØªØ§Ø¨Ù‹Ø§ ÙÙŠ Ø§Ù„Ø­Ø§Ø³Ø¨ ÙˆØªØ·Ø¨ÙŠÙ‚Ø§ØªÙ‡ | Ù…Ø¤Ø³Ø³ @DarAlMaiman | Ø¨Ø±ÙŠØ¯ÙŠ : sam@arabia-it.com
https://twitter.com/FerozSandhu,"Stranger to SAAS, Selling SAAS to Strangers"
https://twitter.com/vishishtdhawan, profile under construction
https://twitter.com/bledi_abazi_,  
https://twitter.com/ofshellohicy,Different.
https://twitter.com/wrochadel,"Doutor em Engenharia e GestÃ£o do Conhecimento (UFSC) ,"
https://twitter.com/jones_hansel97,CÊŸá´‡á´€É´ Há´‡á´€Ê€á´›á´‡á´… 
https://twitter.com/maaac,Viva la vidaaa!  http://instagram.com/untsundokuing
https://twitter.com/amyswellness,#AffiliateMarketers  a la #Wellness  #Health  #Weightloss #DietingTweets on:   #LifestyjeWellness #Cannabinoids  #Entrepreneurship #Money
https://twitter.com/SnooPyBoYz,Veterinarian
https://twitter.com/jbrandaomoreira,"Advogado, economista, de direita, patriota, armamentista, cristÃ£o, apoiador de Bolsonaro. SDV ."
https://twitter.com/Gerardo71653997,...
https://twitter.com/WiliamElizabet1,By wiliamall
https://twitter.com/biswa_nayak4,"Product @scaler_official | Ex @LeverageEdu, @CSGInternational, @NetcrackerTech"
https://twitter.com/mahesh10feb,#content #commerce #consumer #tech #mobilemarketing #growth #data #video #music #streaming #adtech #martech #cricket #F1 #PinkFloyd
https://twitter.com/Profsiccoh,IT Guy Aviciiâ—¢ â—¤ @masandawana @SpursOfficial #TeamLH. Gemini
https://twitter.com/Romanti86484023,romantic@email.com
https://twitter.com/ludoviajante,"Web-celebridade do ano. Entusiasta de gatos. Thiago com H de ""hermoso, pero muerto por dentro""podcast  http://apoia.se/ludoviajante "
https://twitter.com/TheerayutSuriy4,046F1CAB6B4680017338001973944749736C7518D75EEAC0
https://twitter.com/xubeifang,ä¸­å›½æ³•æ²»æ˜¯æˆ‘å¥‹æ–—ç›®æ ‡ã€‚
https://twitter.com/Sanaz9814,Ù…Ù† Ù‚Ø±Ø§Ø±ÙˆÙ…Ø¯Ø§Ø±Ù…Ø§Ú¯Ø°Ø§Ø´ØªÙ‡ Ø¨ÙˆØ¯Ù… Ú©Ù‡:ØªÙˆÙ‚Ø±Ø§Ø±Ù… Ø¨Ø§Ø´Ø±Ø§Ù‡ ÙØ±Ø§Ø±Ù… Ø¨Ø§Ø´Ù…Ù†Ù… Ù…Ø¯Ø§Ø±Øª Ù…ÛŒØ´Ù… Ø¨Ø±Ù‡ Ø±Ø§Ù…Øª Ù…ÛŒØ´Ù… ØªÙˆÙÙ‚Ø· Ø¨Ø§Ø´ Ú©Ù‡ Ù‚Ø±Ø§Ø± Ùˆ Ù…Ø¯Ø§Ø± Ø´ Ø¨Ø§ Ù…Ù† ØªÙˆ ÙÙ‚Ø· Ø¨Ø§Ø´
https://twitter.com/marianaaziz,"El mar, la justicia ambiental y la defensa de lo comÃºn|Environmental Law and Policy @UCL|Mi elemento es el agua|tuits con typos son mi pasiÃ³n y son personales"
https://twitter.com/rcrispin10,Enthusiast
https://twitter.com/RebekahLSanders,PR @LocalFirstAZ Past: @azcentral @AZRepublicGuild. Swing dancer. Fan of trees. Desert gal. Tell me about your awesome local business: rebekah@localfirstaz.com
https://twitter.com/jennyshalev,@thethinkupapp
