https://twitter.com/aimanjkhan,she/her |human rights | politics | poetry,"Hi @aimanjkhan, I noticed you have an interest in writing, and thought I would reach out."
https://twitter.com/chicchan,It's not about red or blue.It's about us and them.It's You and Me v The Global Mafia Quit whining and start fighting back!,"Hi @chicchan, I noticed you have an interest in writing, and thought I would reach out."
https://twitter.com/MoreyASmith3,Calling for A Public Inquiry into The Murder of Yukon T. First Nation Elder Elijah Smith by The Brian Mulroney Gov‚Äôt over The signing of NAFTA !,"Hi @MoreyASmith3, I noticed you have an interest in writing, and thought I would reach out."
https://twitter.com/solydeonn,"am a gospel singer, songwriter and vocal coach, I am a graduate of computer science, I am a very creative empath and HSP, an infj personality type and Christian","Hi @solydeonn, I noticed you have an interest in writing, and thought I would reach out."
https://twitter.com/rijalanupraj,Software Developer ,"Hi @rijalanupraj, I noticed you have an interest in writing, and thought I would reach out."
https://twitter.com/tentaclequing,SEO @ DeepL by day ‚òÖ Quing by night ‚òÖ THE BUG MAGNET OF DEATH#techseo #qa #language #enby #taijijian ‚òÖ pronouns: they/kaos ‚òÖ  é|y ‚òÖ formal address: Xire,"Hi @tentaclequing, I noticed you have an interest in writing, and thought I would reach out."
https://twitter.com/TheDarrinTracy,Crypto Twitter (CT): @OGCryptoDT | #Bitcoin| formerly @chitowndt,"Hi @TheDarrinTracy, I noticed you have an interest in writing, and thought I would reach out."
https://twitter.com/gema_naranyala,"Endless Adventures in Linux && Web Dev.breakdown, prioritize, organize, single thread || brainstorm, connect the dot, abstract, multi thread","Hi @gema_naranyala, I noticed you have an interest in writing, and thought I would reach out."
https://twitter.com/justakashdas,Teaching you to design better digital products | Product Designer | Building: @designrstack | Available for freelance projects.,"Hi @justakashdas, I noticed you have an interest in design, and thought I would reach out."
https://twitter.com/BullStern,"Founder @ http://thespoke.co. Prev: @levelset, @venture4america fellow.","Hi @BullStern, I noticed you have an interest in writing, and thought I would reach out."
https://twitter.com/cryptobyte07,OSCP | Penetration Tester | CTF Player,"Hi @cryptobyte07, I noticed you have an interest in writing, and thought I would reach out."
https://twitter.com/onowotnow,Vote tactically     #ProgressiveAlliance #ProportionalRepresentation,"Hi @onowotnow, I noticed you have an interest in writing, and thought I would reach out."
https://twitter.com/madhubala98,PhD @ IISc | IISER Bhopal | Science Enthusiast | Biologist |,"Hi @madhubala98, I noticed you have an interest in writing, and thought I would reach out."
https://twitter.com/MxMarmite,Carer | Disabled | Gay | Non-binary | They/Them | ¬£KaiMooreAusten on Cashapp | https://en.pronouns.page/@MxMarmite,"Hi @MxMarmite, I noticed you have an interest in writing, and thought I would reach out."
https://twitter.com/SLL1065,"GenXer, Music Buff, Reader, Geek, Metalhead, Foodie, Vegasophile. Serving up curated tasty pop culture treats, snacks of geeky goodness, and zeitgeisty things.","Hi @SLL1065, I noticed you have an interest in reading, and thought I would reach out."
https://twitter.com/seywarddarby,Editor in Chief: @atavist | Author: SISTERS IN HATE (@littlebrown) | Curator: @longreads | Contact: seyward@atavist.com | May I please pet your dog? | She/Her,"Hi @seywarddarby, I noticed you have an interest in writing, and thought I would reach out."
https://twitter.com/charliejpalmer,Social liberal/economic pragmatist. Never be a spectator of unfairness or stupidity - the grave will supply plenty of time for silence. Views expressed my own.,"Hi @charliejpalmer, I noticed you have an interest in writing, and thought I would reach out."
https://twitter.com/logical_25,"Registered Pharmacist under the Pharmacy Act, 1948 - @President_PCI | Alma Mater @integralunilko & @hygia","Hi @logical_25, I noticed you have an interest in writing, and thought I would reach out."
https://twitter.com/sumit_pattnaik,Interested in anything that moves and that doesn't too,"Hi @sumit_pattnaik, I noticed you have an interest in writing, and thought I would reach out."
https://twitter.com/Okie_Chase,I solemnly swear that I am up to no good.,"Hi @Okie_Chase, I noticed you have an interest in writing, and thought I would reach out."
https://twitter.com/BigLegSmallPant,‡§Ø ‡§è‡§∑ ‡§∏‡•Å‡§™‡•ç‡§§‡•á‡§∑‡•Å ‡§ú‡§æ‡§ó‡§∞‡•ç‡§§‡§øLinkedIn: http://linkedin.com/in/pawangothe25Instagram: http://instagram.com/babayaga_xxv/Insta Page: http://instagram.com/pawhanclicks/,"Hi @BigLegSmallPant, I noticed you have an interest in writing, and thought I would reach out."
https://twitter.com/Lieefje,@katalysis_io redefining the value of online content. Currently working on @featherfeed a privacy friendly content recommender!,"Hi @Lieefje, I noticed you have an interest in writing, and thought I would reach out."
https://twitter.com/kobe2x_iydk,what‚Äôs life if you can‚Äôt live it how you want to,"Hi @kobe2x_iydk, I noticed you have an interest in writing, and thought I would reach out."
https://twitter.com/exposedFaggotCu,https://facebook.com/martin.keerssemeeckerss‚Ä¶     https://facebook.com/scarlet.sreek https://facebook.com/martin.keerrssemeecker‚Ä¶https://photos.app.,"Hi @exposedFaggotCu, I noticed you have an interest in writing, and thought I would reach out."
https://twitter.com/adrenalynne,City mouse. Indoor cat.,"Hi @adrenalynne, I noticed you have an interest in writing, and thought I would reach out."
https://twitter.com/tiffany_corr,Capturing life as it is.                       Work @ SF Bay Goodwill Industries.,"Hi @tiffany_corr, I noticed you have an interest in capturing life as it is, and thought I would reach out."
https://twitter.com/coopyancey,Computer Engineer @UAHuntsville,"Hi @coopyancey, I noticed you have an interest in writing, and thought I would reach out."
https://twitter.com/NomsMobility,Manage all transportation in one place. Growing urban areas demand connected solutions and reduced emissions #MaaSpart of the movmi partner network ,"Hi @NomsMobility, I noticed you have an interest in connected solutions, and thought I would reach out."
https://twitter.com/iejaz238,news and movies,"Hi @iejaz238, I noticed you have an interest in writing, and thought I would reach out."
https://twitter.com/MianHanifkhan,"Physicist , Patriotic andPassionate to serve Humanity.","Hi @MianHanifkhan, I noticed you have an interest in writing, and thought I would reach out."
https://twitter.com/cafestifflered,Product Manager @gamersafer working on http://FindMCServer.com TEDx Speaker | tim@stifflered.com,"Hi @cafestifflered, I noticed you have an interest in writing, and thought I would reach out."
https://twitter.com/MiguelAkeUs,"Web Developer Full Stack,#DevOps #Docker #Kubernetes #Frontend #Backend ","Hi @MiguelAkeUs, I noticed you have an interest in writing, and thought I would reach out."
https://twitter.com/L2newlife,"I'm finding a new me.. Looking for new friends to talk,see, just have fun. BISEXUALOrally talented with a guy Im a bottom, enjoy getting FUCKED & love suckin.","Hi @L2newlife, I noticed you have an interest in writing, and thought I would reach out."
https://twitter.com/ThangDi96316072,Facebook hand made,"Hi @ThangDi96316072, I noticed you have an interest in writing, and thought I would reach out."
https://twitter.com/BonnieShaljean,"Loves books, history, nature, early & traditional music, especially harp. Likes don't necessarily mean I actually like it.  You should see my bookmarks.","Hi @BonnieShaljean, I noticed you have an interest in reading, and thought I would reach out."
https://twitter.com/sbasu64,reluctant physician.domestic animal.armchair globetrotter.horribly disorganized.bollywood music aficionado.self made tech geek.,"Hi @sbasu64, I noticed you have an interest in writing, and thought I would reach out."
https://twitter.com/tjbadru,"God's WIP, Loves his girls + LFC + tech + humor. Founding Member, Sporting Lagos FC ","Hi @tjbadru, I noticed you have an interest in writing, and thought I would reach out."
https://twitter.com/TomCybertom,Philosph[e](r),"Hi @TomCybertom, I noticed you have an interest in writing, and thought I would reach out."
https://twitter.com/MrsJRTaylor714,"My Main 1 & Only Mi Amore Is My Amazin, Lovin, Super Sexy, Very Handsome, 4 Yrs N Future  My Bby/Hubby Mr. Taylor 4Eva N 4Eternity My Love!!!! ","Hi @MrsJRTaylor714, I noticed you have an interest in writing, and thought I would reach out."
https://twitter.com/jayshensf,"strategy, growth, tech startup in Metaverse/Web3/NFT, software & platforms","Hi @jayshensf, I noticed you have an interest in writing, and thought I would reach out."
https://twitter.com/SurekhaB_,I get up every morning determined to both change the world and have one hell of a good time. Sometimes this makes planning my day difficult.,"Hi @SurekhaB_, I noticed you have an interest in writing, and thought I would reach out."
https://twitter.com/cakeshav17,"Business Finance at Tata 1MG | Startups & Finance | Cricket Fanatic | CA, CS & CFA L2 | Content Writer | Poet | Replies in Meme | New to Gurgaon |","Hi @cakeshav17, I noticed you have an interest in writing, and thought I would reach out."
https://twitter.com/korearoadtube,I changed my Facebook Name Ïù¥Ïû¨Ïú§ and Bio !,"Hi @korearoadtube, I noticed you have an interest in writing, and thought I would reach out."
https://twitter.com/Devilshank,"Data Engineer ,MUFC Fanatic .Here to interact and learn .Also to stalk Musk.","Hi @Devilshank, I noticed you have an interest in writing, and thought I would reach out."
https://twitter.com/vantaa_blackk,Tech Geek. Problem Solving Enthusiast. Insatiably Curious.,"Hi @vantaa_blackk, I noticed you have an interest in writing, and thought I would reach out."
https://twitter.com/Candlefind,We've been sticking our noses in other people's businesses since 2003. Candle reviews. Candle tips & tricks. Best of lists. Candle addiction. #BuyMoreCandles,"Hi @Candlefind, I noticed you have an interest in candle addiction, and thought I would reach out."
https://twitter.com/dsanculi,"I like food, tech, my wife and my children. Not necessarily in that order. Not necessarily all of the time. IG & Snapchat - dsanculi","Hi @dsanculi, I noticed you have an interest in writing, and thought I would reach out."
https://twitter.com/ihopenoonesees,the rest of the trash is here.,"Hi @ihopenoonesees, I noticed you have an interest in writing, and thought I would reach out."
https://twitter.com/smartinwi,"Teacher, Middle School, STEM, PBL, Personalized Learning, Free EdTech, Google Certified,ùôèùôöùôòùôù ùôèùô§ùô§ùô°ùô® ùôõùô§ùôß ùôèùôöùôñùôòùôùùôöùôßùô® ùôãùô§ùôôùôòùôñùô®ùô©, Wife, Mother","Hi @smartinwi, I noticed you have an interest in personalized learning, and thought I would reach out."
https://twitter.com/shaakunthala,"Music | Memes | Bikes | Aviation | Cats | Coffee si, en, nlAll views expressed here are my own and not of my employer.LK | NL","Hi @shaakunthala, I noticed you have an interest in writing, and thought I would reach out."
https://twitter.com/A_Adebote,Tactical idealist with a very active imagination !Aspiring intellectual. Chronic overthinker. Student of life ,"Hi @A_Adebote, I noticed you have an interest in writing, and thought I would reach out."
https://twitter.com/JeffRiepl,I'm here to follow certain interesting people.  If you're a lefty or neocon you won't like most of my ReTweets.  Economics rule - regardless of your ideology.,"Hi @JeffRiepl, I noticed you have an interest in writing, and thought I would reach out."
https://twitter.com/Jameswi93960380,Public service advisor at the civil service to family investment on windows.,"Hi @Jameswi93960380, I noticed you have an interest in writing, and thought I would reach out."
https://twitter.com/Stephai10229848,It's time absent parents get the recognition they deserve.,"Hi @Stephai10229848, I noticed you have an interest in writing, and thought I would reach out."
https://twitter.com/SalesCoach_4U,"I Coach Entrepreneurs to Attract, Win, & Keep, Ideal Clients | ICF Executive Coach | Sales Coach | Entrepreneur Coach |  #SalesCoach #SmallBusinessCoach","Hi @SalesCoach_4U, I noticed you have an interest in coaching, and thought I would reach out."
https://twitter.com/dschreiberjr,"Senior Sound Designer @BethesdaStudios. #skyrim #fallout4 #fallout76 #starfield. Movies, comics, games, noise & tech are neat. @BerkleeCollege alum","Hi @dschreiberjr, I noticed you have an interest in writing, and thought I would reach out."
https://twitter.com/beestrydom,SaaS Marketing| Ex-Hotjar| Ex-Google| Ex-Rocket Int.| Tech Lady¬Æ Founding Member| #horsetech/Equestrian| | GBS Survivor. she/her,"Hi @beestrydom, I noticed you have an interest in writing, and thought I would reach out."
https://twitter.com/sugamxp,"Definite in the present, Optimistic about the future","Hi @sugamxp, I noticed you have an interest in writing, and thought I would reach out."
https://twitter.com/chris_foreman1,Nothing to see here...move along.,"Hi @chris_foreman1, I noticed you have an interest in writing, and thought I would reach out."
https://twitter.com/KatManninen,"Professional Writer, Mom with #ADHD, #Biohacker & #QuantifiedSelf enthusiast from Finland. This is my rant-free account in English. Finnish rants: @kutrinet","Hi @KatManninen, I noticed you have an interest in writing, and thought I would reach out."
https://twitter.com/sian_L_T,History teacher and PSHE lead with an addiction to tea ,"Hi @sian_L_T, I noticed you have an interest in teaching, and thought I would reach out."
https://twitter.com/mrMISDEMEANOR,A respected criminal defense attorney told me to ‚Äúmake your own name.‚Äù That's when I decided to become IG mr.misdemeanor proud Veteran   ,"Hi @mrMISDEMEANOR, I noticed you have an interest in writing, and thought I would reach out."
https://twitter.com/jeremykovac,Opinions you agree with are my own. All others are my employers.  Product @RelayFinancial by day. Previously built @gsweetsapp.,"Hi @jeremykovac, I noticed you have an interest in writing, and thought I would reach out."
https://twitter.com/DrDisisBack1,https://mylast.video/andrew #U8GYC922 (friend code in @hayday) @Andrew110 on discord,"Hi @DrDisisBack1, I noticed you have an interest in writing, and thought I would reach out."
https://twitter.com/Jaunty1988,"Psalm 46vs10 Love, Live and Pray | Positive n Focused ","Hi @Jaunty1988, I noticed you have an interest in writing, and thought I would reach out."
https://twitter.com/lindazaricki195,"Retired but busy, enjoying LIFE my family. Especially my Mother. now she is gone, to be with  her family especially her husband my father happy for her.","Hi @lindazaricki195, I noticed you have an interest in writing, and thought I would reach out."
https://twitter.com/reepleurmee,Entrepreneur Blogger. Working as freelancer on  Articles writing and Social Media http://Marketing.you can hire me on Fiverr,"Hi @reepleurmee, I noticed you have an interest in writing, and thought I would reach out."
https://twitter.com/ValentimMG,International Youth Watch,"Hi @ValentimMG, I noticed you have an interest in writing, and thought I would reach out."
https://twitter.com/Smileinstantly,"Bad Happens, Good Happens. Life is life, so stop thinking about it and live! Sponsored by @LiNing, @Zillow, @Humblebundle, @Amazon, @Twitch, Watch Dramas @Viki","Hi @Smileinstantly, I noticed you have an interest in writing, and thought I would reach out."
https://twitter.com/Ollyywood,the show ain't over till the fat man fucks,"Hi @Ollyywood, I noticed you have an interest in writing, and thought I would reach out."
https://twitter.com/Jaymes60558770,A traveler in pursuit of the unknown,"Hi @Jaymes60558770, I noticed you have an interest in writing, and thought I would reach out."
https://twitter.com/tincatwin,Associate Professor | Amsterdam | Individual differences | Behavior | Genetics | Child and Adolescent Psychiatry | Autism | http://orcid.org/0000-0001-5564‚Ä¶,"Hi @tincatwin, I noticed you have an interest in writing, and thought I would reach out."
https://twitter.com/narayan84854927,"A Researcher in health,human resources, industrial relations,fintech,character building and mind mastering.Views are personal,re-tweets are not endorsements.","Hi @narayan84854927, I noticed you have an interest in writing, and thought I would reach out."
https://twitter.com/IamMilogangster,I'm here to learn and laugh... Budding entrepreneur and millionaire under construction...,"Hi @IamMilogangster, I noticed you have an interest in writing, and thought I would reach out."
https://twitter.com/LeslieDHK,Music is life.......#,"Hi @LeslieDHK, I noticed you have an interest in writing, and thought I would reach out."
https://twitter.com/saaasni,Twitter is many things but this page has become my (book) accountability posts. Thanks for being here :),"Hi @saaasni, I noticed you have an interest in writing, and thought I would reach out."
https://twitter.com/ResidentSponge,"English is my 2nd language. Reporter for @Teslarati . DMs open for tips. Feel free to reach out, even to just say hi. I don't bite.","Hi @ResidentSponge, I noticed you have an interest in writing, and thought I would reach out."
https://twitter.com/SpringJenise,"I'm me & if you know me, you already know that","Hi @SpringJenise, I noticed you have an interest in writing, and thought I would reach out."
https://twitter.com/rputland,"Glitch in The Matrix | Loeys-Dietz Syndrome | Autism Spectrum, PTSD, ADHD | Atheist | Vegetarian | Greens AU/NSW Party Member | INFP-T.","Hi @rputland, I noticed you have an interest in writing, and thought I would reach out."
https://twitter.com/howhardcanitbej,"computers DIY full house renovations Gardening, property investing, I‚Äôm a lady that is Adaptable when Life Puts obstacles in my way,","Hi @howhardcanitbej, I noticed you have an interest in gardening, and thought I would reach out."
https://twitter.com/ElleRamm,"Writer of short stories, Screenwriter IP. nature lover. Virgo IG: @elle_ramm #NYABJ {She,her,hers}","Hi @ElleRamm, I noticed you have an interest in writing, and thought I would reach out."
https://twitter.com/professorives,My love languages are climate justice and Phish. Direct Action gets the goods! Cuddly but muscular. they/them,"Hi @professorives, I noticed you have an interest in climate justice, and thought I would reach out."
https://twitter.com/PriceDamone,I believe in helping others and giving them chances to get better.,"Hi @PriceDamone, I noticed you have an interest in writing, and thought I would reach out."
https://twitter.com/LWRitzie,Enjoy the little things,"Hi @LWRitzie, I noticed you have an interest in writing, and thought I would reach out."
https://twitter.com/EkawuHooks,"Sport Administrator major, Sports analyst, a tennis player & Coach.","Hi @EkawuHooks, I noticed you have an interest in writing, and thought I would reach out."
https://twitter.com/smclaren727,Win and help win.,"Hi @smclaren727, I noticed you have an interest in writing, and thought I would reach out."
https://twitter.com/Omar90377,"Muslim | Programmer | Student | widest Reader | Thinker | Highly addicted to Learn Science,technology, philosophy |","Hi @Omar90377, I noticed you have an interest in reading, and thought I would reach out."
https://twitter.com/_susieb_,Crazy cat lady in WV here for reality tv & liberal activism when I'm not exhausted. Mom to 2 with ASDanŒπ–ºal rŒπg–Ω—Ç—ïüÖªüÜàüÖºüÖ¥e·ó∞·ë≠·ó©t·ïºphotog/art,"Hi @_susieb_, I noticed you have an interest in writing, and thought I would reach out."
https://twitter.com/setupadhyay,"policy, advocacy, and learning on tech policy/digital rights. former lawyer. currently @theGNI @globalvoices | alum @ceu | personal views","Hi @setupadhyay, I noticed you have an interest in writing, and thought I would reach out."
https://twitter.com/corbinboucek,mostly Notre Dame and the Chicago Bulls | phil 1:21,"Hi @corbinboucek, I noticed you have an interest in writing, and thought I would reach out."
https://twitter.com/JwWankier,Empathy is everything. Socio-analytic. Knowing that we can alter nothing if we observe blindly.,"Hi @JwWankier, I noticed you have an interest in writing, and thought I would reach out."
https://twitter.com/joshsimmons2,‚ÄúThink ‚Äî it ain‚Äôt illegal yet.‚Äù ‚Äî George Clinton,"Hi @joshsimmons2, I noticed you have an interest in writing, and thought I would reach out."
https://twitter.com/dkfzhf11,about:blank,"Hi @dkfzhf11, I noticed you have an interest in writing, and thought I would reach out."
https://twitter.com/azrinbinyunos16,as happy 31,"Hi @azrinbinyunos16, I noticed you have an interest in writing, and thought I would reach out."
https://twitter.com/pbatey,Just a spherical cow in a frictionless universe.,"Hi @pbatey, I noticed you have an interest in writing, and thought I would reach out."
https://twitter.com/saqib_mariam,"I love God, south asian american, its digital, its live, @gucci , @farfetch , @Forever21 , @tasty , @MSN , @asana ,  @amazon , @Google , @Stanford ###","Hi @saqib_mariam, I noticed you have an interest in writing, and thought I would reach out."
https://twitter.com/YesImParanoid,Oh hey!,"Hi @YesImParanoid, I noticed you have an interest in writing, and thought I would reach out."
https://twitter.com/Unmeshed_Life,"Yale World Fellow | THNK Amsterdam Fellow | Chairman & MD, Truepurpose:Coach+Purpose Partners | Deserved Life Coaching: Live Life Unmeshed!","Hi @Unmeshed_Life, I noticed you have an interest in coaching, and thought I would reach out."
https://twitter.com/StiIwantForever,WHAT COMES ON THE INTERNET STAYS ON THE INTERNET ! !,"Hi @StiIwantForever, I noticed you have an interest in writing, and thought I would reach out."
https://twitter.com/supervxn,"Tech Innovation Community Manager, Israeli Ministry of Education. Early adopter, connection facilitator, passionate learner . #innovation #EdTech #gamification","Hi @supervxn, I noticed you have an interest in writing, and thought I would reach out."
https://twitter.com/lakv1n,love & fury,"Hi @lakv1n, I noticed you have an interest in writing, and thought I would reach out."
https://twitter.com/itsminchul,Pharmacist Builder,"Hi @itsminchul, I noticed you have an interest in writing, and thought I would reach out."
https://twitter.com/an9elu,everythings going my way  and i like to get my way ,"Hi @an9elu, I noticed you have an interest in writing, and thought I would reach out."
https://twitter.com/BigToughBird,I'm on Instagram as @tsavorite__blogs_society. Install the app to follow my photos and videos. google-site-verification: google52a31b5452bfa040.html,"Hi @BigToughBird, I noticed you have an interest in writing, and thought I would reach out."
https://twitter.com/Stumblmer,all thoughts/comments/tweets are seemingly my own as far as I know,"Hi @Stumblmer, I noticed you have an interest in writing, and thought I would reach out."
https://twitter.com/Artur16323108,Humor,"Hi @Artur16323108, I noticed you have an interest in writing, and thought I would reach out."
https://twitter.com/JbGueniffey,Writin' & Ballin'@CiteScenaristes// ESTET Films : http://estetfilms.com// Knicks in Paris : http://jbgueniffey.com/knicksinparis,"Hi @JbGueniffey, I noticed you have an interest in writing, and thought I would reach out."
https://twitter.com/Tube2Blog,Automatically transform youtube videos into blog posts - in seconds.,"Hi @Tube2Blog, I noticed you have an interest in writing, and thought I would reach out."
https://twitter.com/HAbd_Ind,You (might not) know me.,"Hi @HAbd_Ind, I noticed you have an interest in writing, and thought I would reach out."
https://twitter.com/alina_less,"Virtual Events & Client Support Lead @engage_xr / Narrative XR, distribution and exhibitions as Founder @LessMedia_Group. Ex Co-Founder @Spherica_com","Hi @alina_less, I noticed you have an interest in narrative XR, and thought I would reach out."
https://twitter.com/Charlieriley,probably not checking this for awhile,"Hi @Charlieriley, I noticed you have an interest in writing, and thought I would reach out."
https://twitter.com/jacklhasa,"A mutant wolf-human hybrid caused by nuclear fallout, solar flares, Aztec prophecies, Persian poetry, Irish moonshine-blood, and American pharmacology. #IDWP","Hi @jacklhasa, I noticed you have an interest in writing, and thought I would reach out."
https://twitter.com/mrmaurice868,"Like the fatal blossom of the graceful Jimson Weed, I entice with my fragrance but can provide no succor. #Bibliophage  #Yogi  #Gaymer ","Hi @mrmaurice868, I noticed you have an interest in reading, and thought I would reach out."
https://twitter.com/FunmitoBlessed,"Educator || Youth Development Advocate || Technology Solutions Provider. I teach, train, mentor and consult on making the best of technology.","Hi @FunmitoBlessed, I noticed you have an interest in technology, and thought I would reach out."
https://twitter.com/ChiziteremO,God-centered,"Hi @ChiziteremO, I noticed you have an interest in writing, and thought I would reach out."
https://twitter.com/hectorpl,Researcher #data #Innovation  @uwaterloohealth @UWaterloo @AGEWELL_NCE @GamesInstitute. Opinions mine RT not an endorse,"Hi @hectorpl, I noticed you have an interest in writing, and thought I would reach out."
https://twitter.com/pleazeclap,brewing blends of irony and earnestness. please clap.,"Hi @pleazeclap, I noticed you have an interest in writing, and thought I would reach out."
https://twitter.com/jen2468101214,"Interests are autism, physical/mental health, Christian spirituality & deconstructing, science/medicine, psychology, social issues","Hi @jen2468101214, I noticed you have an interest in deconstructing, and thought I would reach out."
https://twitter.com/wheelercentre,"Australia's first dedicated centre for books, writing and ideas.","Hi @wheelercentre, I noticed you have an interest in writing, and thought I would reach out."
https://twitter.com/OTD87,Got a soft spot for Immersive technology,"Hi @OTD87, I noticed you have an interest in writing, and thought I would reach out."
https://twitter.com/zakir_kibria,"Policy Activist, Coffee Connoisseur, Radio Jockey.","Hi @zakir_kibria, I noticed you have an interest in writing, and thought I would reach out."
https://twitter.com/csmallsthegreat,Copywriter & Marketing Consultant | Childrens Book Author | Life Critic |  ,"Hi @csmallsthegreat, I noticed you have an interest in writing, and thought I would reach out."
https://twitter.com/jessicamaral,I've got a crush on the world  ,"Hi @jessicamaral, I noticed you have an interest in writing, and thought I would reach out."
https://twitter.com/EgemnOzturk,Chemical EngineerEU  | ƒ∞zmir,"Hi @EgemnOzturk, I noticed you have an interest in writing, and thought I would reach out."
https://twitter.com/nothxjstlooking,She wears a high-filtration mask or respirator. Refuse to be a link in the chain of transmission. #ClimateEmergency #UBI #DavosSafe,"Hi @nothxjstlooking, I noticed you have an interest in writing, and thought I would reach out."
https://twitter.com/MelissaRLaGraff,Partner to @alexlagraff. Mother of 2 boys. Super-recognizer. Family Scientist. Public handle: @MRLaGraff,"Hi @MelissaRLaGraff, I noticed you have an interest in writing, and thought I would reach out."
https://twitter.com/acostalima_pt,Software Engineer at @moxystudio @upholdinc,"Hi @acostalima_pt, I noticed you have an interest in writing, and thought I would reach out."
https://twitter.com/hwasiti,Machine Learning & Deep Learning. Won the best Fundamental Researchproject outcome out of all FRGS grant recipients among Malaysian universities,"Hi @hwasiti, I noticed you have an interest in writing, and thought I would reach out."
https://twitter.com/ibrahimself1010,ETNS 16 | AGSC 18 | HU 22 | IU 24 - Technology | Design | Literature - A Recovering Perfectionist,"Hi @ibrahimself1010, I noticed you have an interest in literature, and thought I would reach out."
https://twitter.com/Ramasam11256803,not keeping quiet when wrongs happen,"Hi @Ramasam11256803, I noticed you have an interest in writing, and thought I would reach out."
https://twitter.com/PSYCHICSACHA,"Food Fun Miami Chicago Fishing Psychic, Parties","Hi @PSYCHICSACHA, I noticed you have an interest in writing, and thought I would reach out."
https://twitter.com/A_N_Eb,Bitcoin   ,"Hi @A_N_Eb, I noticed you have an interest in writing, and thought I would reach out."
https://twitter.com/riddham,"I talk about #AI, #SEO & #governance ‚Ä¢ Building @bhaibentech @Janati1947 ‚Ä¢ Urban Farmer ‚Ä¢ Connecting People to Technology they need","Hi @riddham, I noticed you have an interest in technology, and thought I would reach out."
https://twitter.com/eche_ie,"I eat bread and listen to Kendrick LamarThe bread justifies the beans!(N.B: Please, the views I express here are strictly mine)","Hi @eche_ie, I noticed you have an interest in writing, and thought I would reach out."
https://twitter.com/StaceyKadosh,"I‚Äôm a mom, love genealogy, vegetarian and adore all animals, especially my Henri, the King‚Äôs swans and all other water fowl!","Hi @StaceyKadosh, I noticed you have an interest in writing, and thought I would reach out."
https://twitter.com/Manoj_Janjalkar,"Inquisitive. Lifelong learner. Nature lover. Meditator. Love mathematics, physics, computer science, philosophy, psychology, and art.","Hi @Manoj_Janjalkar, I noticed you have an interest in reading, and thought I would reach out."
https://twitter.com/DanielleKay89,Weekend News Producer @WLKY. Former Producer @wchs8fox11. Go Herd! @Marshallu SOJMC grad and @MountwestCTC Web Design Grad ,"Hi @DanielleKay89, I noticed you have an interest in writing, and thought I would reach out."
https://twitter.com/detectiveyes,yes. epistemological infrastructuralist. writing Auto: A Platform Parable. directing @csmmane @antikythera_xyz researching @autonomy_uk producing @radioeenet,"Hi @detectiveyes, I noticed you have an interest in writing, and thought I would reach out."
https://twitter.com/abraham_accords,Celebrating peace in the Middle East. #AbrahamAccords,"Hi @abraham_accords, I noticed you have an interest in writing, and thought I would reach out."
https://twitter.com/_ahmed_hafiz_, Learning . Building . Sleeping ‚Ä¢ Work-life balance advocate ‚Ä¢ Full Stack Developer ‚Ä¢dotnet + vuejs & sometimes  flutter,"Hi @_ahmed_hafiz_, I noticed you have an interest in building, and thought I would reach out."
https://twitter.com/StockTaming,Few Tweets. Mostly DM. Fighting Dizziness,"Hi @StockTaming, I noticed you have an interest in writing, and thought I would reach out."
https://twitter.com/writtenbyspacek,sorry i'm late i didn't want to come,"Hi @writtenbyspacek, I noticed you have an interest in writing, and thought I would reach out."
https://twitter.com/tayravelli,Actress and Singer God is Good all the time,"Hi @tayravelli, I noticed you have an interest in singing, and thought I would reach out."
https://twitter.com/RigsandGigs,"Audio visual production perfection for every event. Music, Performance & Speech events. AV, Sound, Lighting, Stage, DJ, Live gigs, Video, Hybrid and Live Stream","Hi @RigsandGigs, I noticed you have an interest in AV, and thought I would reach out."
https://twitter.com/mediapuck,MEDIAPUCK Video Studio to kick some serious business. For more info reach us: info@bizethics.art or info@mediapuck.art or info@abs-galleries.art,"Hi @mediapuck, I noticed you have an interest in writing, and thought I would reach out."
https://twitter.com/happylee,ËÅΩË™™ÊòØ91APPÁöÑÁî¢ÂìÅÈï∑ / CPO of #91APP,"Hi @happylee, I noticed you have an interest in writing, and thought I would reach out."
https://twitter.com/maaikejongen,"Biomedical Research Fellow interested in platelets and haemostasis, flow cytometry, microfluidics, single cell, biostatistics, bioinformatics. Views are my own.","Hi @maaikejongen, I noticed you have an interest in platelets and haemostasis, and thought I would reach out."
https://twitter.com/faz791,Award winning Senior Graphic Designer #OMBLE OF THE YEAR 2020 | @AgencyQuotes contributor | Design | Fashion | Love & Peace | ,"Hi @faz791, I noticed you have an interest in writing, and thought I would reach out."
https://twitter.com/2littlewings,"PhD, artist, board-certified art therapist, & professor. Views expressed are my own. Mostly here for birds. she/her","Hi @2littlewings, I noticed you have an interest in art therapy, and thought I would reach out."
https://twitter.com/Keiko_geo,PhD; Director of Science Applications #SpatiaFi @climateengine; #EarthObservation  #AI; #EarthEngine tips for #BetterFuture; from ; views my own,"Hi @Keiko_geo, I noticed you have an interest in EarthObservation, and thought I would reach out."
https://twitter.com/mysticrose29,Perpetual Learner | Bibliophile & Article Junkie | Overthinker & Introvert | Animal & Human Rights Advocate | Psych Nerd | Geek & Gamer | She/Her,"Hi @mysticrose29, I noticed you have an interest in reading, and thought I would reach out."
https://twitter.com/benkebusen11,I‚Äôm just a porn loving man who like fallow pornstars who shares their  here on Twitter. And just fly around because you never know what you stumble upon ,"Hi @benkebusen11, I noticed you have an interest in writing, and thought I would reach out."
https://twitter.com/SherylAPowell8,"Mother of three adults, From Zachary Louisiana, Residents of Houston, Texas, Self Employed","Hi @SherylAPowell8, I noticed you have an interest in writing, and thought I would reach out."
https://twitter.com/joshuazerkel,"Head of Global Engagement Marketing (Community) @Asana, community builder, Certified Pro Organizer, author of http://NotesAtWork.com. Living one burger at a time.","Hi @joshuazerkel, I noticed you have an interest in community building, and thought I would reach out."
https://twitter.com/KumarAm32487443,love life . my family is my strength.. I love my with the bottom of my heart,"Hi @KumarAm32487443, I noticed you have an interest in writing, and thought I would reach out."
https://twitter.com/venkateshdgoud,Human Resources,"Hi @venkateshdgoud, I noticed you have an interest in writing, and thought I would reach out."
https://twitter.com/MattCampbell,"International features @BW. Views my own. Co-author of DEAD IN THE WATER, an Economist and Financial Times Book of the Year. Next book: STEALING THE GODS","Hi @MattCampbell, I noticed you have an interest in writing, and thought I would reach out."
https://twitter.com/tiniquea_a,Self Made Street Raised 100% real,"Hi @tiniquea_a, I noticed you have an interest in writing, and thought I would reach out."
https://twitter.com/AtOmXpLuS,Everything in AtOmXpLuS,"Hi @AtOmXpLuS, I noticed you have an interest in writing, and thought I would reach out."
https://twitter.com/DivyaAiyer,Sachin fan for life. Addicted to tea. Team India bhakt.,"Hi @DivyaAiyer, I noticed you have an interest in writing, and thought I would reach out."
https://twitter.com/surafeljudge11,Injustice is the source of unrest. Arresting a person who violates this law is the worst source of violence.,"Hi @surafeljudge11, I noticed you have an interest in writing, and thought I would reach out."
https://twitter.com/vineethnair0071,"Curious to learn something every moment, Introvert by nature, Open minded and straight forward","Hi @vineethnair0071, I noticed you have an interest in writing, and thought I would reach out."
https://twitter.com/ArianneDeniseW,Mom life with six children and a husband. Life is an adventure and I‚Äôm telling about my modern day real-life Brady bunch family.,"Hi @ArianneDeniseW, I noticed you have an interest in writing, and thought I would reach out."
https://twitter.com/CaryLiljohn06,Writer | http://carylittlejohn.com | Formerly @The_News_Record | @VoxMag | @CoMissourian | Attorney | @TeachForAmerica | M.A. @mujschool | J.D. @UTKlaw,"Hi @CaryLiljohn06, I noticed you have an interest in writing, and thought I would reach out."
https://twitter.com/Luis_sin_Zeta,Raised in Latin America but living in South Florida for +20 years.,"Hi @Luis_sin_Zeta, I noticed you have an interest in writing, and thought I would reach out."
https://twitter.com/honey_sonwani,"Builder/Creator - inspired by Bob the builder. Ex: Engineering @obvious_in, Organising @FirebaseGroup, @WomenCoders01","Hi @honey_sonwani, I noticed you have an interest in building, and thought I would reach out."
https://twitter.com/yeahsshhh,imadenewaccountontwitteralso12022022,"Hi @yeahsshhh, I noticed you have an interest in writing, and thought I would reach out."
https://twitter.com/hnarain11,investments & partnerships @ Flexport.,"Hi @hnarain11, I noticed you have an interest in investments & partnerships, and thought I would reach out."
https://twitter.com/tanejamainhoon,Co-Founder & Chief @weareyuvaaWriter-Producer-Storyteller-TeacherEx-BMGF Goalkeepers Advisory Board/YRF/MTV(He/Him) #Kindness #Mental Health,"Hi @tanejamainhoon, I noticed you have an interest in writing, and thought I would reach out."
https://twitter.com/accessabhi,Product Manager | MBA | Runner,"Hi @accessabhi, I noticed you have an interest in writing, and thought I would reach out."
https://twitter.com/MattHardmanHT,Father. Husband. Headteacher. Brummie in North Norfolk. Passionate about school leadership & raising standards. PE. PiXL. NCE. All views my own.,"Hi @MattHardmanHT, I noticed you have an interest in school leadership, and thought I would reach out."
https://twitter.com/ChikviladzeG,"Passionate about fintech, SaaS, and D2C startups.","Hi @ChikviladzeG, I noticed you have an interest in fintech, and thought I would reach out."
https://twitter.com/doodyhowdy111,i'm usually unemployed like i've always been throughout my entire life but i enjoy activating my own personal efforts as hard and much as i can to be free,"Hi @doodyhowdy111, I noticed you have an interest in writing, and thought I would reach out."
https://twitter.com/AntonTsvetkoff,Lifelong Learner | Agile Leader | PMP | Executive MBA,"Hi @AntonTsvetkoff, I noticed you have an interest in writing, and thought I would reach out."
https://twitter.com/Jessa_Michelle_,"I‚Äôm an open book, but written in a cryptic dead language...Jessa Michelle Britney Leighand","Hi @Jessa_Michelle_, I noticed you have an interest in writing, and thought I would reach out."
https://twitter.com/RubyMouse3,"A mouse. Called Ruby. New to this.OK. Not really a mouse, but feeling mouse-like due to all the hatred. Also autistic.","Hi @RubyMouse3, I noticed you have an interest in writing, and thought I would reach out."
https://twitter.com/LiiaImejia,Boss_909,"Hi @LiiaImejia, I noticed you have an interest in writing, and thought I would reach out."
https://twitter.com/The_Tony_Patti,"Broadcast Media Executive. Intl Radio Consultant, Radio Professional, Programming, Operations, Broadcasting Management & Ops‚Äô Executive. Building Radio Empires","Hi @The_Tony_Patti, I noticed you have an interest in radio, and thought I would reach out."
https://twitter.com/jarimarjelund,"A Finn living in Cork, Ireland. Books, current affairs, this and that.","Hi @jarimarjelund, I noticed you have an interest in reading, and thought I would reach out."
https://twitter.com/abhayspawar,"ML Engineer @pandionpro Past ML @stitchfix @Instacart. @columbia @iitmadras alum. Generally tweet about ML/DS, tech, product. Blogger. Love the mountains ","Hi @abhayspawar, I noticed you have an interest in writing, and thought I would reach out."
https://twitter.com/jattmaspring,"Always looking forward. Recovering restaurant worker, currently stoking cyclists, and aspiring creator of code.","Hi @jattmaspring, I noticed you have an interest in writing, and thought I would reach out."
https://twitter.com/classicdawn,Fighting for a safe and sane America. Reports domestic terrorist tweets inciting violence. All tweets reflect my opinion. I‚Äôm here to stay informed. She/Her.,"Hi @classicdawn, I noticed you have an interest in writing, and thought I would reach out."
https://twitter.com/Jarredology,Using tech for good #CitizenDevelopment #HumanRights | Prev: @FPAMaine @tuning_fork @ugh_media @modalcommerce | https://jarredandrews.com | ,"Hi @Jarredology, I noticed you have an interest in writing, and thought I would reach out."
https://twitter.com/Sheesh711,yes & no | pt. kate moseley pt. walter murch all cutting edge | occidentally disoriented,"Hi @Sheesh711, I noticed you have an interest in writing, and thought I would reach out."
https://twitter.com/BintiCheptoo,Aspiring globetrotter  Occupy space and make your presence felt.,"Hi @BintiCheptoo, I noticed you have an interest in writing, and thought I would reach out."
https://twitter.com/TheBackpackGeek,"""Everything starts from a dot"" - Wassily Kandinsky Instagram: http://instagram.com/thebackpackgee‚Ä¶","Hi @TheBackpackGeek, I noticed you have an interest in writing, and thought I would reach out."
https://twitter.com/SL_Steiner,Internal Medicine Physician (Hospitalist).,"Hi @SL_Steiner, I noticed you have an interest in writing, and thought I would reach out."
https://twitter.com/zdfletch,"proud syracusian, veggie enthusiast, and oxford comma fan // was @KitsapSun / @USATODAY, @ucbsoj, @UCBerkeleyIRP) - he/him","Hi @zdfletch, I noticed you have an interest in writing, and thought I would reach out."
https://twitter.com/SimonLLewis,"They say I‚Äôm outspoken. Author, The Human Planet. Professor of Global Change Science @UCL & @UniversityLeeds. Trying to understand the world, and change it too.","Hi @SimonLLewis, I noticed you have an interest in writing, and thought I would reach out."
https://twitter.com/achxvi,Working on http://Pocketsflow.com  a simple yet powerful platform to sell your digital products | Software engineer of 5 years | In love with nature walks.,"Hi @achxvi, I noticed you have an interest in writing, and thought I would reach out."
https://twitter.com/audreynlnguyen,"producing @UpFirst Sunday, but usually at @NPRLifeKit  | proud member of @sagaftra @WeMakeNPR | htown born and raised | she/her","Hi @audreynlnguyen, I noticed you have an interest in writing, and thought I would reach out."
https://twitter.com/macrofish,Insights @earnestresearch | #alternativedata,"Hi @macrofish, I noticed you have an interest in writing, and thought I would reach out."
https://twitter.com/jcoburns,There's a 'y' in my name. We'll get along well if you remember that.,"Hi @jcoburns, I noticed you have an interest in writing, and thought I would reach out."
https://twitter.com/julesbakk,Science enthusiast ‚Ä¢Senior Media Officer @ICR_London ‚Ä¢ Previously research comms @theBHFViews are my own.,"Hi @julesbakk, I noticed you have an interest in writing, and thought I would reach out."
https://twitter.com/SkylerAsh7,"She/her ¬∑ Page Editor at Pagemasters ¬∑ Bylines in @TheWalrus @Nationalpost @torontolife ¬∑ Formerly Postmedia, The Sun, @theeyeopener  ¬∑ @journalismTMU '19 ","Hi @SkylerAsh7, I noticed you have an interest in writing, and thought I would reach out."
https://twitter.com/ilovepeanuts, in  (she/her); CMU '08; Kellogg '14,"Hi @ilovepeanuts, I noticed you have an interest in writing, and thought I would reach out."
https://twitter.com/MikeRoe,Wrote The 30 Rock Book. Fmr. /editor  @ LAist/KPCC. Writes TV drama w/ my  @semiprosaic. Find me @ BlueSky or let‚Äôs be honest here #aapi (Hawaiian) & ,"Hi @MikeRoe, I noticed you have an interest in writing, and thought I would reach out."
https://twitter.com/NoraMabie,"Indigenous communities reporter for @missoulian, @billingsgazette, @helenaironline, @montanastandard, @ravallirepublic | Nora.Mabie@lee.net","Hi @NoraMabie, I noticed you have an interest in writing, and thought I would reach out."
https://twitter.com/hellodrjoy,Founder & Host of @therapy4bgirls. Interested in the intersection of Psychology & Pop Culture.Author of Sisterhood Heals. 1908.,"Hi @hellodrjoy, I noticed you have an interest in writing, and thought I would reach out."
https://twitter.com/mkmccleery,Comms consultant for good-doers and trouble makers. Mom to the world's greatest dog (all opinions are his). #1 Rhys Hoskins fan. Formerly: @HelenGymAtLarge,"Hi @mkmccleery, I noticed you have an interest in writing, and thought I would reach out."
https://twitter.com/SaraReinis,thinking a lot about the internet | cultural strategist + researcher,"Hi @SaraReinis, I noticed you have an interest in writing, and thought I would reach out."
